id,d_elect,mean_Z,del_Z,mode_Z,L2_norm,L3_norm,mean_group,del_group,mode_group,mean_period,del_period,mode_period,mean_val,del_val,mode_val,mean_electroneg,del_electroneg,mode_electroneg,entropy,cell_area,n_metal,mag_state
Fe2S2-0a052d50ac61,6,21,5,21,0.707,0.63,12,8,12,3.5,0.5,3.5,7,1,7,2.205,0.375,2.205,0.693,11.87946,2,1
S2V2-adad9799de05,3,19.5,3.5,19.5,0.707,0.63,10.5,11,10.5,3.5,0.5,3.5,5.5,0.5,5.5,2.105,0.475,2.105,0.693,12.64062,2,1
BrClV-878148656c6a,3,25,6.667,25,0.577,0.481,13,10.667,13,3.667,0.444,3.667,6.333,0.889,6.333,2.583,0.636,2.583,1.099,12.17251,1,1
Cl2Fe2-c233ed259213,6,21.5,4.5,21.5,0.707,0.63,12.5,9,12.5,3.5,0.5,3.5,7.5,0.5,7.5,2.495,0.665,2.495,0.693,8.95381,2,1
In2Te2-49131827d51a,0,50.5,1.5,50.5,0.707,0.63,14.5,3,14.5,5,0,5,4.5,1.5,4.5,1.94,0.16,1.94,0.693,36.2019,2,-1
Al2Te4-3426159e38da,0,39,17.333,52,0.745,0.693,15,2.667,16,4.333,0.889,5,5,1.333,6,1.937,0.218,2.1,0.637,24.29604,2,-1
Br2Mn2-2166878e6b59,5,30,5,30,0.707,0.63,12,10,12,4,0,4,7,0,7,2.255,0.705,2.255,0.693,10.77299,2,1
Sc2Se2-787760c30b65,1,27.5,6.5,27.5,0.707,0.63,9.5,13,9.5,4,0,4,4.5,1.5,4.5,1.955,0.595,1.955,0.693,16.63161,2,1
Ca2I2-946217a67549,0,36.5,16.5,36.5,0.707,0.63,9.5,15,9.5,4.5,0.5,4.5,4.5,2.5,4.5,1.83,0.83,1.83,0.693,24.25019,2,1
Cr2F2-29321554cfde,5,16.5,7.5,16.5,0.707,0.63,11.5,11,11.5,3,1,3,6.5,0.5,6.5,2.82,1.16,2.82,0.693,10.70732,2,1
Mn2O2-6a0e9471bfec,5,16.5,8.5,16.5,0.707,0.63,11.5,9,11.5,3,1,3,6.5,0.5,6.5,2.495,0.945,2.495,0.693,13.91223,2,1
F2Mo2-88413bba202f,5,25.5,16.5,25.5,0.707,0.63,11.5,11,11.5,3.5,1.5,3.5,6.5,0.5,6.5,3.07,0.91,3.07,0.693,12.4727,2,1
Te2Ti2-ab4d9d152e7a,2,37,15,37,0.707,0.63,10,12,10,4.5,0.5,4.5,5,1,5,1.82,0.28,1.82,0.693,18.17188,2,1
Mn2Se2-2d3aa76e2b84,5,29.5,4.5,29.5,0.707,0.63,11.5,9,11.5,4,0,4,6.5,0.5,6.5,2.05,0.5,2.05,0.693,14.89036,2,1
Cd2S2-d7f9557e8b3a,10,32,16,32,0.707,0.63,14,4,14,4,1,4,4,2,4,2.135,0.445,2.135,0.693,26.91139,2,-1
Pb2Se4-129ec20b7c07,10,50,21.333,34,0.745,0.693,15.333,1.778,16,4.667,0.889,4,5.333,0.889,6,2.323,0.302,2.55,0.637,37.92864,2,-1
Tl2Se4-b7166f011e4b,10,49.667,20.889,34,0.745,0.693,15,2.667,16,4.667,0.889,4,5,1.333,6,2.24,0.413,2.55,0.637,41.78898,2,-1
S2V2-bb9749185f6d,3,19.5,3.5,19.5,0.707,0.63,10.5,11,10.5,3.5,0.5,3.5,5.5,0.5,5.5,2.105,0.475,2.105,0.693,9.65832,2,1
CrCl2-e1c2b9550daf,5,19.333,3.111,17,0.745,0.693,13.333,9.778,17,3.333,0.444,3,6.667,0.444,7,2.66,0.667,3.16,0.637,13.91447,1,1
MnSe2-694e0120ce28,5,31,4,34,0.745,0.693,13,8,16,4,0,4,6.333,0.444,6,2.217,0.444,2.55,0.637,14.61368,1,1
NiF2-6755a46fb425,8,15.333,8.444,9,0.745,0.693,14.667,6.222,17,2.667,0.889,2,8,1.333,7,3.29,0.92,3.98,0.637,11.79317,1,1
OsF2-55cb8ea5bcf6,6,31.333,29.778,9,0.745,0.693,14,8,17,3.333,1.778,2,7.333,0.444,7,3.387,0.791,3.98,0.637,6.89568,1,1
TiBr2-e4061415199d,2,30.667,5.778,35,0.745,0.693,12.667,11.556,17,4,0,4,6,1.333,7,2.487,0.631,2.96,0.637,13.49058,1,1
YF2-0161fd6e3933,1,19,13.333,9,0.745,0.693,12.333,12.444,17,3,1.333,2,5.667,1.778,7,3.06,1.227,3.98,0.637,11.50171,1,1
CCr2F2-7840f545291c,5,14.4,7.68,24,0.6,0.514,12,9.6,6,2.8,0.96,4,6,0.8,6,2.766,0.971,1.66,1.055,7.87553,2,1
CTi2-9d6a455e18c1,2,16.667,7.111,22,0.745,0.693,7.333,8.889,4,3.333,0.889,4,4,0,4,1.877,0.449,1.54,0.637,8.09159,2,1
NHf2-6362028943d3,2,50.333,28.889,72,0.745,0.693,7.667,9.778,4,4.667,1.778,6,4.333,0.444,4,1.88,0.773,1.3,0.637,8.76259,2,1
NH2O2V2-467d7346ac2e,3,10.143,7.347,23,0.515,0.418,8.429,12.408,5,2.286,0.98,4,4.143,1.796,5,2.511,0.682,1.63,1.352,8.14203,2,1
N2Hf3-417738ee21ed,2,46,31.2,72,0.721,0.654,8.4,10.56,4,4.4,1.92,6,4.4,0.48,4,1.996,0.835,1.3,0.673,8.59342,3,1
N2O2V3-358facb64a22,3,14.143,7.592,23,0.589,0.5,11,10.286,5,2.857,0.98,4,5.286,0.408,5,2.55,0.789,1.63,1.079,7.18446,3,1
N2Zr3-04eb7d543fc8,2,26.8,15.84,40,0.721,0.654,8.4,10.56,4,3.8,1.44,5,4.4,0.48,4,2.014,0.821,1.33,0.673,8.79562,3,1
N3Ti4-f81f92865534,2,15.571,7.347,22,0.714,0.643,8.714,10.776,4,3.143,0.98,4,4.429,0.49,4,2.183,0.735,1.54,0.683,7.72148,4,1
Cu2P2S6-7f0ee7f2ff5b,10,18.4,4.24,16,0.663,0.614,14.8,3.04,16,3.2,0.32,3,6.8,1.68,6,2.366,0.257,2.58,0.95,30.17292,2,1
Mn2P2S6-677c868c0469,5,17.6,2.96,16,0.663,0.614,14,5.6,16,3.2,0.32,3,6,0.4,6,2.296,0.341,2.58,0.95,30.31832,2,1
Ni2P2S6-036a47792052,8,18.2,3.92,16,0.663,0.614,14.6,3.68,16,3.2,0.32,3,6.6,1.36,6,2.368,0.254,2.58,0.95,29.5266,2,1
P2Ti2S6-1b2e64d113e5,2,17,2,16,0.663,0.614,13.4,7.52,16,3.2,0.32,3,5.4,0.72,6,2.294,0.343,2.58,0.95,30.65649,2,1
BrClMo-bad3cbaba47b,5,31.333,9.556,31.333,0.577,0.481,13.333,9.778,13.333,4,0.667,4,6.667,0.444,6.667,2.76,0.4,2.76,1.099,9.28889,1,-1
NbSSe-91a283a2d283,4,30.333,9.556,30.333,0.577,0.481,12.333,9.778,12.333,4,0.667,4,5.667,0.444,5.667,2.243,0.429,2.243,1.099,10.21169,1,-1
P2V2Se6-fa02b8c9ddc4,3,28,7.2,34,0.663,0.614,13.6,6.88,16,3.8,0.32,4,5.6,0.48,6,2.294,0.307,2.55,0.95,35.29517,2,1
AgBr2-96cefa3a17db,10,39,5.333,35,0.745,0.693,15,5.333,17,4.333,0.444,4,8.333,1.778,7,2.617,0.458,2.96,0.637,13.79265,1,1
CuBr2-22f552801137,10,33,2.667,35,0.745,0.693,15,5.333,17,4,0,4,8.333,1.778,7,2.607,0.471,2.96,0.637,11.99217,1,1
NiCl2-3ad667c285e2,8,20.667,4.889,17,0.745,0.693,14.667,6.222,17,3.333,0.444,3,8,1.333,7,2.743,0.556,3.16,0.637,10.62347,1,1
PtCl2-fa8d38b71cd1,9,37.333,27.111,17,0.745,0.693,14.667,6.222,17,4,1.333,3,8,1.333,7,2.867,0.391,3.16,0.637,12.43402,1,1
VCl2-1ccb0b28392d,3,19,2.667,17,0.745,0.693,13,10.667,17,3.333,0.444,3,6.333,0.889,7,2.65,0.68,3.16,0.637,11.59962,1,1
AlCl2-f8d92ab902de,0,15.667,1.778,17,0.745,0.693,15.667,3.556,17,3,0,3,5.667,1.778,7,2.643,0.689,3.16,0.637,11.22126,1,1
MnBr2-4d6ea02f2407,5,31.667,4.444,35,0.745,0.693,13.667,8.889,17,4,0,4,7,0,7,2.49,0.627,2.96,0.637,12.16564,1,1
Cu2Br6-d725eac1ffd0,10,33.5,2.25,35,0.791,0.759,15.5,4.5,17,4,0,4,8,1.5,7,2.695,0.398,2.96,0.562,36.37438,2,1
Nb2Cl6-ca5dfc8256fa,4,23,9,17,0.791,0.759,14,9,17,3.5,0.75,3,6.5,0.75,7,2.77,0.585,3.16,0.562,29.39706,2,1
Pd2I6-152fee6d123c,10,51.25,2.625,53,0.791,0.759,15.25,5.25,17,5,0,5,7.75,1.125,7,2.545,0.173,2.66,0.562,43.78827,2,1
Ru2I6-c6558965584c,7,50.75,3.375,53,0.791,0.759,14.75,6.75,17,5,0,5,7.25,0.375,7,2.545,0.173,2.66,0.562,42.60751,2,1
BiClTe-968a6902b7f5,10,50.667,22.444,50.667,0.577,0.481,16,1.333,16,4.667,1.111,4.667,6,0.667,6,2.427,0.489,2.427,1.099,16.03991,1,-1
AsBiHf-75b5b404cc95,10,62.667,19.778,62.667,0.577,0.481,11.333,9.778,11.333,5.333,0.889,5.333,4.667,0.444,4.667,1.833,0.356,1.833,1.099,11.43023,2,-1
Bi2S2-cca08641e07b,10,49.5,33.5,49.5,0.707,0.63,15.5,1,15.5,4.5,1.5,4.5,5.5,0.5,5.5,2.3,0.28,2.3,0.693,13.94341,2,-1
Co2Te2-043e7be1d702,7,39.5,12.5,39.5,0.707,0.63,12.5,7,12.5,4.5,0.5,4.5,7.5,1.5,7.5,1.99,0.11,1.99,0.693,13.49035,2,-1
Cl2Nb2-681838ff9640,4,29,12,29,0.707,0.63,11,12,11,4,1,4,6,1,6,2.38,0.78,2.38,0.693,13.93798,2,-1
Ni2Se2-f939f66bbfa5,8,31,3,31,0.707,0.63,13,6,13,4,0,4,8,2,8,2.23,0.32,2.23,0.693,12.13052,2,-1
I2Pb2-9c53dfa99cbb,10,67.5,14.5,67.5,0.707,0.63,15.5,3,15.5,5.5,0.5,5.5,5.5,1.5,5.5,2.265,0.395,2.265,0.693,15.4458,2,-1
Ti2Cl6-1aa6995ffbaa,2,18.25,1.875,17,0.791,0.759,13.75,9.75,17,3.25,0.375,3,6.25,1.125,7,2.755,0.608,3.16,0.562,32.28876,2,1
Cr2I6-2153d90c4d79,5,45.75,10.875,53,0.791,0.759,14.25,8.25,17,4.75,0.375,5,6.75,0.375,7,2.41,0.375,2.66,0.562,43.76405,2,1
Fe2I6-8736409b93c4,6,46.25,10.125,53,0.791,0.759,14.75,6.75,17,4.75,0.375,5,7.25,0.375,7,2.453,0.311,2.66,0.562,46.43696,2,1
Mo2I6-2437268fdffb,5,50.25,4.125,53,0.791,0.759,14.25,8.25,17,5,0,5,6.75,0.375,7,2.535,0.188,2.66,0.562,40.52972,2,1
Ti2I6-f7e034e3a17f,2,45.25,11.625,53,0.791,0.759,13.75,9.75,17,4.75,0.375,5,6.25,1.125,7,2.38,0.42,2.66,0.562,44.30566,2,1
Co2Se4-4dd65485b84f,7,31.667,3.111,34,0.745,0.693,13.667,6.222,16,4,0,4,7,1.333,6,2.327,0.298,2.55,0.637,32.92205,2,1
Fe2S4-bc16c88f14d9,6,19.333,4.444,16,0.745,0.693,13.333,7.111,16,3.333,0.444,3,6.667,0.889,6,2.33,0.333,2.58,0.637,31.05865,2,1
FeTe2-d98b0a15009e,6,43.333,11.556,52,0.745,0.693,13.333,7.111,16,4.667,0.444,5,6.667,0.889,6,2.01,0.12,2.1,0.637,11.0336,1,1
MnS2-a1fb52b45531,5,19,4,16,0.745,0.693,13,8,16,3.333,0.444,3,6.333,0.444,6,2.237,0.458,2.58,0.637,9.71893,1,1
ScS2-8cb59bd9248e,1,17.667,2.222,16,0.745,0.693,11.667,11.556,16,3.333,0.444,3,5,1.333,6,2.173,0.542,2.58,0.637,12.42531,1,1
Br2Cr2S2-d0a8f0957736,5,25,6.667,25,0.577,0.481,13,9.333,13,3.667,0.444,3.667,6.333,0.444,6.333,2.4,0.493,2.4,1.099,16.87407,2,1
Cr2I2N2-c85604a5cfe5,5,28,16.667,28,0.577,0.481,12.667,8.889,12.667,3.667,1.111,3.667,6,0.667,6,2.453,0.529,2.453,1.099,12.2781,2,1
Cl2Fe2Se2-8121c4d2936f,6,25.667,5.778,25.667,0.577,0.481,13.667,7.556,13.667,3.667,0.444,3.667,7,0.667,7,2.513,0.456,2.513,1.099,16.8303,2,1
Cl2Mn2N2-68c49aefd9ef,5,16.333,6.222,16.333,0.577,0.481,13,8,13,3,0.667,3,6.333,0.889,6.333,2.583,0.689,2.583,1.099,12.01605,2,1
I2Mn2S2-d84ade5709de,5,31.333,14.444,31.333,0.577,0.481,13.333,8.444,13.333,4,0.667,4,6.667,0.444,6.667,2.263,0.476,2.263,1.099,17.77902,2,1
Cl2O2V2-4e3d1f7b433a,3,16,5.333,16,0.577,0.481,12.667,10.222,12.667,3,0.667,3,6,0.667,6,2.743,0.742,2.743,1.099,12.94171,2,1
I2Se2V2-4644bda5f549,3,36.667,10.889,36.667,0.577,0.481,12.667,10.222,12.667,4.333,0.444,4.333,6,0.667,6,2.28,0.433,2.28,1.099,19.06747,2,1
Fe2S2-18156c81a96e,6,21,5,21,0.707,0.63,12,8,12,3.5,0.5,3.5,7,1,7,2.205,0.375,2.205,0.693,10.11594,2,1
Hf2Se2-5f80e2b0e339,2,53,19,53,0.707,0.63,10,12,10,5,1,5,5,1,5,1.925,0.625,1.925,0.693,11.32962,2,1
Mn2O2-b2c73ae37da5,5,16.5,8.5,16.5,0.707,0.63,11.5,9,11.5,3,1,3,6.5,0.5,6.5,2.495,0.945,2.495,0.693,7.5303,2,1
Mn2S6-dc655ded0d66,5,18.25,3.375,16,0.791,0.759,13.75,6.75,16,3.25,0.375,3,6.25,0.375,6,2.323,0.386,2.58,0.562,21.74265,2,1
SSeW-d0d914cf12a5,4,41.333,21.778,41.333,0.577,0.481,12.667,8.889,12.667,4.333,1.111,4.333,6,0,6,2.497,0.091,2.497,1.099,9.11976,1,-1
Ni2O6-e774579e108f,8,13,7.5,8,0.791,0.759,14.5,4.5,16,2.5,0.75,2,7,1.5,6,3.058,0.574,3.44,0.562,11.52189,2,1
Mn2S4-fb169c837046,5,19,4,16,0.745,0.693,13,8,16,3.333,0.444,3,6.333,0.444,6,2.237,0.458,2.58,0.637,18.25951,2,1
Br4Hf4Se4-bf7cb837feb7,2,47,16.667,47,0.577,0.481,12.333,11.111,12.333,4.667,0.889,4.667,5.667,1.111,5.667,2.27,0.647,2.27,1.099,45.5671,4,1
Co2Te2-1d2c625e6992,7,39.5,12.5,39.5,0.707,0.63,12.5,7,12.5,4.5,0.5,4.5,7.5,1.5,7.5,1.99,0.11,1.99,0.693,13.24875,2,1
Fe2Se2-13ce8be7f1b2,6,30,4,30,0.707,0.63,12,8,12,4,0,4,7,1,7,2.19,0.36,2.19,0.693,13.10262,2,1
Mn2O2-2dbd604f46ed,5,16.5,8.5,16.5,0.707,0.63,11.5,9,11.5,3,1,3,6.5,0.5,6.5,2.495,0.945,2.495,0.693,13.82239,2,1
BrClTi-e0e6e981b2fe,2,24.667,6.889,24.667,0.577,0.481,12.667,11.556,12.667,3.667,0.444,3.667,6,1.333,6,2.553,0.676,2.553,1.099,10.1342,1,1
BrIV-2da05db34435,3,37,10.667,37,0.577,0.481,13,10.667,13,4.333,0.444,4.333,6.333,0.889,6.333,2.417,0.524,2.417,1.099,13.77673,1,1
Cu2F2-edf35f96b23e,10,19,10,19,0.707,0.63,14,6,14,3,1,3,9,2,9,2.94,1.04,2.94,0.693,7.39365,2,1
F2Fe2-c57bff9f484a,6,17.5,8.5,17.5,0.707,0.63,12.5,9,12.5,3,1,3,7.5,0.5,7.5,2.905,1.075,2.905,0.693,6.54529,2,1
Hf2Te2-42f0a6f20f5f,2,62,10,62,0.707,0.63,10,12,10,5.5,0.5,5.5,5,1,5,1.7,0.4,1.7,0.693,16.90615,2,1
Mn2S2-5c9d9cb67e39,5,20.5,4.5,20.5,0.707,0.63,11.5,9,11.5,3.5,0.5,3.5,6.5,0.5,6.5,2.065,0.515,2.065,0.693,13.39715,2,1
Co2O2-384ee60bc031,7,17.5,9.5,17.5,0.707,0.63,12.5,7,12.5,3,1,3,7.5,1.5,7.5,2.66,0.78,2.66,0.693,14.92686,2,1
Mn2O2-e9f0f45a09de,5,16.5,8.5,16.5,0.707,0.63,11.5,9,11.5,3,1,3,6.5,0.5,6.5,2.495,0.945,2.495,0.693,10.70828,2,1
Ga2I2-9439cb1b509a,0,42,11,42,0.707,0.63,15,4,15,4.5,0.5,4.5,5,2,5,2.235,0.425,2.235,0.693,15.59815,2,-1
F2In2-03fd837646b6,0,29,20,29,0.707,0.63,15,4,15,3.5,1.5,3.5,5,2,5,2.88,1.1,2.88,0.693,11.10725,2,-1
Ni2O2-70bd2e246130,8,18,10,18,0.707,0.63,13,6,13,3,1,3,8,2,8,2.675,0.765,2.675,0.693,14.81864,2,1
CrF2-a3fbf9c28c81,5,14,6.667,9,0.745,0.693,13.333,9.778,17,2.667,0.889,2,6.667,0.444,7,3.207,1.031,3.98,0.637,7.22389,1,1
NiI2-15ccde3e8d83,8,44.667,11.111,53,0.745,0.693,14.667,6.222,17,4.667,0.444,5,8,1.333,7,2.41,0.333,2.66,0.637,17.29106,1,1
PtF2-2ab881c60144,9,32,30.667,9,0.745,0.693,14.667,6.222,17,3.333,1.778,2,8,1.333,7,3.413,0.756,3.98,0.637,7.97669,1,1
TiCl2-04309a8ad371,2,18.667,2.222,17,0.745,0.693,12.667,11.556,17,3.333,0.444,3,6,1.333,7,2.62,0.72,3.16,0.637,11.97298,1,1
CCr2O2-a4b8907fceef,5,14,8,24,0.6,0.514,11.6,8.96,6,2.8,0.96,4,5.6,0.64,6,2.55,0.712,1.66,1.055,7.36329,2,1
CO2Sc2-9ba9f64e4cea,1,12.8,6.56,21,0.6,0.514,10.4,11.84,3,2.8,0.96,4,4.4,1.28,3,2.43,0.856,1.36,1.055,9.02806,2,1
CTi2-5597611991eb,2,16.667,7.111,22,0.745,0.693,7.333,8.889,4,3.333,0.889,4,4,0,4,1.877,0.449,1.54,0.637,8.18937,2,1
C2H2O2Sc3-c6f3a447a0d1,1,10.333,7.111,21,0.509,0.412,7.889,12.642,3,2.444,1.037,4,3.444,1.383,3,2.273,0.641,1.36,1.369,9.71947,3,1
C2O2Mn3-e24e68f47252,5,14.714,8.816,25,0.589,0.5,11.571,7.837,7,2.857,0.98,4,5.857,1.061,7,2.376,0.708,1.55,1.079,7.1932,3,1
H2N2O2V3-03d6b761eb56,3,11.222,7.852,23,0.509,0.412,8.778,11.951,5,2.444,1.037,4,4.333,1.481,5,2.472,0.682,1.63,1.369,6.89588,3,1
Mn2P2Se6-5135d68bb778,5,28.4,6.72,34,0.663,0.614,14,5.6,16,3.8,0.32,4,6,0.4,6,2.278,0.326,2.55,0.95,35.38339,2,1
Ni2P2S6-de2432ed42aa,8,18.2,3.92,16,0.663,0.614,14.6,3.68,16,3.2,0.32,3,6.6,1.36,6,2.368,0.254,2.58,0.95,29.5735,2,1
P2V2Te6-e91c92408325,3,38.8,15.84,52,0.663,0.614,13.6,6.88,16,4.4,0.72,5,5.6,0.48,6,2.024,0.158,2.1,0.95,39.90969,2,1
CuCl2-5fdd50d69b1f,10,21,5.333,17,0.745,0.693,15,5.333,17,3.333,0.444,3,8.333,1.778,7,2.74,0.56,3.16,0.637,10.84968,1,1
NiI2-0e87e38a2099,8,44.667,11.111,53,0.745,0.693,14.667,6.222,17,4.667,0.444,5,8,1.333,7,2.41,0.333,2.66,0.637,13.64702,1,1
TiBr2-db38ba041c3b,2,30.667,5.778,35,0.745,0.693,12.667,11.556,17,4,0,4,6,1.333,7,2.487,0.631,2.96,0.637,12.09616,1,1
VI2-d480b343c982,3,43,13.333,53,0.745,0.693,13,10.667,17,4.667,0.444,5,6.333,0.889,7,2.317,0.458,2.66,0.637,14.74347,1,1
CrBr2-732baf86d047,5,31.333,4.889,35,0.745,0.693,13.333,9.778,17,4,0,4,6.667,0.444,7,2.527,0.578,2.96,0.637,11.81053,1,1
GaCl2-d9320dd50e83,0,21.667,6.222,17,0.745,0.693,15.667,3.556,17,3.333,0.444,3,5.667,1.778,7,2.71,0.6,3.16,0.637,11.55465,1,1
InBr2-866193f81c4b,0,39.667,6.222,35,0.745,0.693,15.667,3.556,17,4.333,0.444,4,5.667,1.778,7,2.567,0.524,2.96,0.637,14.55799,1,1
MnCl2-36192c4a6b20,5,19.667,3.556,17,0.745,0.693,13.667,8.889,17,3.333,0.444,3,7,0,7,2.623,0.716,3.16,0.637,10.97584,1,1
Cu2Cl6-3cb8744d4ec2,10,20,4.5,17,0.791,0.759,15.5,4.5,17,3.25,0.375,3,8,1.5,7,2.845,0.473,3.16,0.562,32.09207,2,1
Hf2Br6-a13511495a16,2,44.25,13.875,35,0.791,0.759,13.75,9.75,17,4.5,0.75,4,6.25,1.125,7,2.545,0.623,2.96,0.562,36.82186,2,1
Nb2I6-2debeb910d58,4,50,4.5,53,0.791,0.759,14,9,17,5,0,5,6.5,0.75,7,2.395,0.398,2.66,0.562,44.31476,2,1
Pt2Br6-52ad72865776,9,45.75,16.125,35,0.791,0.759,15.25,5.25,17,4.5,0.75,4,7.75,1.125,7,2.79,0.255,2.96,0.562,39.16285,2,1
Cr2I6-b95c6aaa395c,5,45.75,10.875,53,0.791,0.759,14.25,8.25,17,4.75,0.375,5,6.75,0.375,7,2.41,0.375,2.66,0.562,44.01289,2,1
Fe2I6-c3c3634f1840,6,46.25,10.125,53,0.791,0.759,14.75,6.75,17,4.75,0.375,5,7.25,0.375,7,2.453,0.311,2.66,0.562,45.95091,2,1
Re2Cl6-c4fb280ab9a8,5,31.5,21.75,17,0.791,0.759,14.5,7.5,17,3.75,1.125,3,7,0,7,2.845,0.473,3.16,0.562,27.88204,2,1
Ti2I6-0e99355f14de,2,45.25,11.625,53,0.791,0.759,13.75,9.75,17,4.75,0.375,5,6.25,1.125,7,2.38,0.42,2.66,0.562,44.31825,2,1
BrClV-572bd714b4d7,3,25,6.667,25,0.577,0.481,13,10.667,13,3.667,0.444,3.667,6.333,0.889,6.333,2.583,0.636,2.583,1.099,9.64841,1,1
Fe2S4-95e240bacdff,6,19.333,4.444,16,0.745,0.693,13.333,7.111,16,3.333,0.444,3,6.667,0.889,6,2.33,0.333,2.58,0.637,30.6921,2,1
MnS2-97234046352a,5,19,4,16,0.745,0.693,13,8,16,3.333,0.444,3,6.333,0.444,6,2.237,0.458,2.58,0.637,8.2753,1,1
RuS2-bd1cbb66f7bc,7,25.333,12.444,16,0.745,0.693,13.333,7.111,16,3.667,0.889,3,6.667,0.889,6,2.453,0.169,2.58,0.637,9.74245,1,1
VSe2-8535e643c6c5,3,30.333,4.889,34,0.745,0.693,12.333,9.778,16,4,0,4,5.667,0.444,6,2.243,0.409,2.55,0.637,9.68096,1,1
Cl2K2-85e2702c201b,0,18,1,18,0.707,0.63,9,16,9,3.5,0.5,3.5,4,3,4,1.99,1.17,1.99,0.693,36.40141,2,-1
F2Pd2-b6495fc9fae1,10,27.5,18.5,27.5,0.707,0.63,13.5,7,13.5,3.5,1.5,3.5,8.5,1.5,8.5,3.09,0.89,3.09,0.693,13.47452,2,-1
Cl2Rb2-c867862764fc,0,27,10,27,0.707,0.63,9,16,9,4,1,4,4,3,4,1.99,1.17,1.99,0.693,40.51055,2,-1
ScH2-979f4dbd9c1b,1,7.667,8.889,1,0.745,0.693,1.667,1.778,1,2,1.333,1,1.667,0.889,1,1.92,0.373,2.2,0.637,8.29721,1,1
Br2Cr2S2-806bd2cbdf65,5,25,6.667,25,0.577,0.481,13,9.333,13,3.667,0.444,3.667,6.333,0.444,6.333,2.4,0.493,2.4,1.099,16.8137,2,1
Cr2I2N2-2e0cbd48cd14,5,28,16.667,28,0.577,0.481,12.667,8.889,12.667,3.667,1.111,3.667,6,0.667,6,2.453,0.529,2.453,1.099,13.05638,2,1
Br2Fe2O2-359cdb8cf357,6,23,10,23,0.577,0.481,13.667,7.556,13.667,3.333,0.889,3.333,7,0.667,7,2.743,0.609,2.743,1.099,13.02798,2,1
Cl2Fe2Se2-ea3f02460f8e,6,25.667,5.778,25.667,0.577,0.481,13.667,7.556,13.667,3.667,0.444,3.667,7,0.667,7,2.513,0.456,2.513,1.099,16.24498,2,1
Cl2Mn2N2-2e64187886f8,5,16.333,6.222,16.333,0.577,0.481,13,8,13,3,0.667,3,6.333,0.889,6.333,2.583,0.689,2.583,1.099,11.95055,2,1
I2Mn2S2-91eb68a04f3a,5,31.333,14.444,31.333,0.577,0.481,13.333,8.444,13.333,4,0.667,4,6.667,0.444,6.667,2.263,0.476,2.263,1.099,18.09616,2,1
Br2O2Os2-198ed60f3c02,6,39.667,24.222,39.667,0.577,0.481,13.667,7.556,13.667,4,1.333,4,7,0.667,7,2.867,0.444,2.867,1.099,14.31903,2,1
Cl2S2V2-59253ed209f0,3,18.667,2.889,18.667,0.577,0.481,12.667,10.222,12.667,3.333,0.444,3.333,6,0.667,6,2.457,0.551,2.457,1.099,16.14078,2,1
Mn2S2-6ec5bb2c1196,5,20.5,4.5,20.5,0.707,0.63,11.5,9,11.5,3.5,0.5,3.5,6.5,0.5,6.5,2.065,0.515,2.065,0.693,12.98067,2,1
Mn2Se6-6a14979730f2,5,31.75,3.375,34,0.791,0.759,13.75,6.75,16,4,0,4,6.25,0.375,6,2.3,0.375,2.55,0.562,25.97718,2,1
Ni2O6-a3505134f7ac,8,13,7.5,8,0.791,0.759,14.5,4.5,16,2.5,0.75,2,7,1.5,6,3.058,0.574,3.44,0.562,11.54713,2,1
Pt2O6-5b9f07cb8ac4,9,25.5,26.25,8,0.791,0.759,14.5,4.5,16,3,1.5,2,7,1.5,6,3.15,0.435,3.44,0.562,18.34092,2,1
Mn2S4-6af22d697de1,5,19,4,16,0.745,0.693,13,8,16,3.333,0.444,3,6.333,0.444,6,2.237,0.458,2.58,0.637,17.02986,2,1
Br4S4Ti4-8b41fd56e767,2,24.333,7.111,24.333,0.577,0.481,12.333,11.111,12.333,3.667,0.444,3.667,5.667,1.111,5.667,2.36,0.547,2.36,1.099,40.70949,4,1
Mn2S2-d24fbb4718ed,5,20.5,4.5,20.5,0.707,0.63,11.5,9,11.5,3.5,0.5,3.5,6.5,0.5,6.5,2.065,0.515,2.065,0.693,12.73849,2,1
S2Ti2-89ee439948ac,2,19,3,19,0.707,0.63,10,12,10,3.5,0.5,3.5,5,1,5,2.06,0.52,2.06,0.693,13.30018,2,-1
Br2V2-833099de2840,3,29,6,29,0.707,0.63,11,12,11,4,0,4,6,1,6,2.295,0.665,2.295,0.693,12.52767,2,-1
Ni2O2-4f164abaf710,8,18,10,18,0.707,0.63,13,6,13,3,1,3,8,2,8,2.675,0.765,2.675,0.693,12.64911,2,1
Se2V2-61c95ebdca58,3,28.5,5.5,28.5,0.707,0.63,10.5,11,10.5,4,0,4,5.5,0.5,5.5,2.09,0.46,2.09,0.693,13.04402,2,1
ClIV-9f3e8b6323b9,3,31,14.667,31,0.577,0.481,13,10.667,13,4,0.667,4,6.333,0.889,6.333,2.483,0.569,2.483,1.099,13.18073,1,1
Br2Cr2-724c343d405c,5,29.5,5.5,29.5,0.707,0.63,11.5,11,11.5,4,0,4,6.5,0.5,6.5,2.31,0.65,2.31,0.693,13.60323,2,1
F2Fe2-e1094335f015,6,17.5,8.5,17.5,0.707,0.63,12.5,9,12.5,3,1,3,7.5,0.5,7.5,2.905,1.075,2.905,0.693,6.58786,2,1
Mn2Se2-1bb6292d4c42,5,29.5,4.5,29.5,0.707,0.63,11.5,9,11.5,4,0,4,6.5,0.5,6.5,2.05,0.5,2.05,0.693,14.47923,2,1
Sc2Te2-1fd55e3ae6ef,1,36.5,15.5,36.5,0.707,0.63,9.5,13,9.5,4.5,0.5,4.5,4.5,1.5,4.5,1.73,0.37,1.73,0.693,18.71592,2,1
Te2Ti2-b3dbe81af5e4,2,37,15,37,0.707,0.63,10,12,10,4.5,0.5,4.5,5,1,5,1.82,0.28,1.82,0.693,15.35205,2,1
Co2O2-1d38491dedcb,7,17.5,9.5,17.5,0.707,0.63,12.5,7,12.5,3,1,3,7.5,1.5,7.5,2.66,0.78,2.66,0.693,14.65797,2,1
Fe2O2-0dfcae2145e2,6,17,9,17,0.707,0.63,12,8,12,3,1,3,7,1,7,2.635,0.805,2.635,0.693,15.87647,2,1
Mn2S2-dd709d3fb25c,5,20.5,4.5,20.5,0.707,0.63,11.5,9,11.5,3.5,0.5,3.5,6.5,0.5,6.5,2.065,0.515,2.065,0.693,15.36972,2,1
Ni2O2-928c7a5db4e0,8,18,10,18,0.707,0.63,13,6,13,3,1,3,8,2,8,2.675,0.765,2.675,0.693,14.87918,2,1
S2Ta2-10321bd326e0,3,44.5,28.5,44.5,0.707,0.63,10.5,11,10.5,4.5,1.5,4.5,5.5,0.5,5.5,2.04,0.54,2.04,0.693,8.95436,2,1
CrI2-53a7a202e7c7,5,43.333,12.889,53,0.745,0.693,13.333,9.778,17,4.667,0.444,5,6.667,0.444,7,2.327,0.444,2.66,0.637,17.61139,1,1
NiO2-bf74fd911c7f,8,14.667,8.889,8,0.745,0.693,14,5.333,16,2.667,0.889,2,7.333,1.778,6,2.93,0.68,3.44,0.637,10.23721,1,1
TiF2-6c7d20ac3a5d,2,13.333,5.778,9,0.745,0.693,12.667,11.556,17,2.667,0.889,2,6,1.333,7,3.167,1.084,3.98,0.637,7.47156,1,1
WF2-b78aa9aac7bf,4,30.667,28.889,9,0.745,0.693,13.333,9.778,17,3.333,1.778,2,6.667,0.444,7,3.44,0.72,3.98,0.637,7.25631,1,1
YI2-96529d028a81,1,48.333,6.222,53,0.745,0.693,12.333,12.444,17,5,0,5,5.667,1.778,7,2.18,0.64,2.66,0.637,17.24543,1,1
Cl2In2-9669b3269d2d,0,33,16,33,0.707,0.63,15,4,15,4,1,4,5,2,5,2.47,0.69,2.47,0.693,36.51333,2,-1
CCr2O2-98620a086831,5,14,8,24,0.6,0.514,11.6,8.96,6,2.8,0.96,4,5.6,0.64,6,2.55,0.712,1.66,1.055,7.32127,2,1
CCr2H2O2-a9639b4177bd,5,10.286,7.837,24,0.515,0.418,8.571,11.592,6,2.286,0.98,4,4.286,1.959,6,2.45,0.594,1.66,1.352,8.16531,2,1
N2Ti3-ab9592f73c20,2,16,7.2,22,0.721,0.654,8.4,10.56,4,3.2,0.96,4,4.4,0.48,4,2.14,0.72,1.54,0.673,7.86604,3,1
C3Ti4-04daf1fce55d,2,15.143,7.837,22,0.714,0.643,8.286,9.796,4,3.143,0.98,4,4,0,4,1.973,0.495,1.54,0.683,8.30883,4,1
Mn2P2Se6-f07faeea33bc,5,28.4,6.72,34,0.663,0.614,14,5.6,16,3.8,0.32,4,6,0.4,6,2.278,0.326,2.55,0.95,34.72602,2,1
Ni2P2Se6-48b9c60401e4,8,29,6,34,0.663,0.614,14.6,3.68,16,3.8,0.32,4,6.6,1.36,6,2.35,0.24,2.55,0.95,33.12221,2,1
P2Ti2Se6-193774fc9672,2,27.8,7.44,34,0.663,0.614,13.4,7.52,16,3.8,0.32,4,5.4,0.72,6,2.276,0.329,2.55,0.95,35.10393,2,1
P2V2Te6-acfe0a7a20a8,3,38.8,15.84,52,0.663,0.614,13.6,6.88,16,4.4,0.72,5,5.6,0.48,6,2.024,0.158,2.1,0.95,40.25471,2,1
AgCl2-cd8d815e268d,10,27,13.333,17,0.745,0.693,15,5.333,17,3.667,0.889,3,8.333,1.778,7,2.75,0.547,3.16,0.637,12.91839,1,1
CoBr2-02049cf3cf55,7,32.333,3.556,35,0.745,0.693,14.333,7.111,17,4,0,4,7.667,0.889,7,2.6,0.48,2.96,0.637,12.06214,1,1
CrCl2-75741b4ecfee,5,19.333,3.111,17,0.745,0.693,13.333,9.778,17,3.333,0.444,3,6.667,0.444,7,2.66,0.667,3.16,0.637,10.61833,1,1
MnI2-2b7cf85310ef,5,43.667,12.444,53,0.745,0.693,13.667,8.889,17,4.667,0.444,5,7,0,7,2.29,0.493,2.66,0.637,14.10608,1,1
RhCl2-b534c03ba4d7,8,26.333,12.444,17,0.745,0.693,14.333,7.111,17,3.667,0.889,3,7.667,0.889,7,2.867,0.391,3.16,0.637,10.93949,1,1
ScBr2-78039e746a9a,1,30.333,6.222,35,0.745,0.693,12.333,12.444,17,4,0,4,5.667,1.778,7,2.427,0.711,2.96,0.637,11.82046,1,1
Cu2Cl6-28fbb0f1e271,10,20,4.5,17,0.791,0.759,15.5,4.5,17,3.25,0.375,3,8,1.5,7,2.845,0.473,3.16,0.562,32.2972,2,1
Mn2Br6-6072787c6e03,5,32.5,3.75,35,0.791,0.759,14.5,7.5,17,4,0,4,7,0,7,2.607,0.529,2.96,0.562,37.36076,2,1
Ni2Br6-8de805a9c52e,8,33.25,2.625,35,0.791,0.759,15.25,5.25,17,4,0,4,7.75,1.125,7,2.697,0.394,2.96,0.562,34.81684,2,1
Pt2Cl6-20b975a3a1e8,9,32.25,22.875,17,0.791,0.759,15.25,5.25,17,3.75,1.125,3,7.75,1.125,7,2.94,0.33,3.16,0.562,35.63945,2,1
Co2Br6-c113c3b43383,7,33,3,35,0.791,0.759,15,6,17,4,0,4,7.5,0.75,7,2.69,0.405,2.96,0.562,40.03924,2,1
Cu2Br6-52732688def7,10,33.5,2.25,35,0.791,0.759,15.5,4.5,17,4,0,4,8,1.5,7,2.695,0.398,2.96,0.562,40.16759,2,1
Pd2Br6-72df9411c38a,10,37.75,4.125,35,0.791,0.759,15.25,5.25,17,4.25,0.375,4,7.75,1.125,7,2.77,0.285,2.96,0.562,42.62859,2,1
NbSTe-102587cb1e02,4,36.333,13.556,36.333,0.577,0.481,12.333,9.778,12.333,4.333,0.889,4.333,5.667,0.444,5.667,2.093,0.329,2.093,1.099,10.76537,1,1
BrIV-8ab29fed1d66,3,37,10.667,37,0.577,0.481,13,10.667,13,4.333,0.444,4.333,6.333,0.889,6.333,2.417,0.524,2.417,1.099,12.66132,1,1
V2S4-e3d2c0b7ce7a,3,18.333,3.111,16,0.745,0.693,12.333,9.778,16,3.333,0.444,3,5.667,0.444,6,2.263,0.422,2.58,0.637,35.21145,2,1
CoO2-3efceb46b900,7,14.333,8.444,8,0.745,0.693,13.667,6.222,16,2.667,0.889,2,7,1.333,6,2.92,0.693,3.44,0.637,6.90272,1,1
MnSe2-f3b9f9bddf25,5,31,4,34,0.745,0.693,13,8,16,4,0,4,6.333,0.444,6,2.217,0.444,2.55,0.637,10.57363,1,1
NbO2-d28ff38d2cac,4,19,14.667,8,0.745,0.693,12.333,9.778,16,3,1.333,2,5.667,0.444,6,2.827,0.818,3.44,0.637,8.3979,1,1
NiO2-f5d3b7b5a32b,8,14.667,8.889,8,0.745,0.693,14,5.333,16,2.667,0.889,2,7.333,1.778,6,2.93,0.68,3.44,0.637,6.76626,1,1
ScSe2-b94c70080d61,1,29.667,5.778,34,0.745,0.693,11.667,11.556,16,4,0,4,5,1.333,6,2.153,0.529,2.55,0.637,13.48056,1,1
TaO2-6f317c3f1c7a,3,29.667,28.889,8,0.745,0.693,12.333,9.778,16,3.333,1.778,2,5.667,0.444,6,2.793,0.862,3.44,0.637,7.66127,1,1
VTe2-0ad30b11e722,3,42.333,12.889,52,0.745,0.693,12.333,9.778,16,4.667,0.444,5,5.667,0.444,6,1.943,0.209,2.1,0.637,11.22276,1,1
Br2Cr2Se2-1e7e654fbccd,5,31,4.667,31,0.577,0.481,13,9.333,13,4,0,4,6.333,0.444,6.333,2.39,0.487,2.39,1.099,18.32596,2,1
Cr2I2O2-19903e43bd98,5,28.333,16.444,28.333,0.577,0.481,13,9.333,13,3.667,1.111,3.667,6.333,0.444,6.333,2.587,0.618,2.587,1.099,13.66681,2,1
Br2Fe2O2-71e19b5b951e,6,23,10,23,0.577,0.481,13.667,7.556,13.667,3.333,0.889,3.333,7,0.667,7,2.743,0.609,2.743,1.099,12.20341,2,1
Cl2Mn2O2-d1a6028c713a,5,16.667,5.778,16.667,0.577,0.481,13.333,8.444,13.333,3,0.667,3,6.667,0.444,6.667,2.717,0.778,2.717,1.099,12.87706,2,1
I2Mn2Se2-f4c00afc66e6,5,37.333,10.444,37.333,0.577,0.481,13.333,8.444,13.333,4.333,0.444,4.333,6.667,0.444,6.667,2.253,0.469,2.253,1.099,19.59033,2,1
I2Mo2N2-cb03c284bda8,5,34,18,34,0.577,0.481,12.667,8.889,12.667,4,1.333,4,6,0.667,6,2.62,0.307,2.62,1.099,14.14729,2,1
Cl2Se2V2-418269303339,3,24.667,6.222,24.667,0.577,0.481,12.667,10.222,12.667,3.667,0.444,3.667,6,0.667,6,2.447,0.544,2.447,1.099,17.59665,2,1
Mn2S2-e2842896ff69,5,20.5,4.5,20.5,0.707,0.63,11.5,9,11.5,3.5,0.5,3.5,6.5,0.5,6.5,2.065,0.515,2.065,0.693,11.26681,2,1
S2Ta2-29c9b74a40e0,3,44.5,28.5,44.5,0.707,0.63,10.5,11,10.5,4.5,1.5,4.5,5.5,0.5,5.5,2.04,0.54,2.04,0.693,8.88225,2,1
S2Zr2-23924b3c18e9,2,28,12,28,0.707,0.63,10,12,10,4,1,4,5,1,5,1.955,0.625,1.955,0.693,11.04866,2,1
RhH2O2-44bcea466c91,8,12.6,12.96,1,0.6,0.514,8.6,12.16,1,2.2,1.12,1,4.6,2.88,1,2.712,0.582,2.2,1.055,10.40711,1,1
Cs2F2-fd11b1cd0dc1,0,32,23,32,0.707,0.63,9,16,9,4,2,4,4,3,4,2.385,1.595,2.385,0.693,33.33079,2,-1
Sc2Te2-c35526cfcbab,1,36.5,15.5,36.5,0.707,0.63,9.5,13,9.5,4.5,0.5,4.5,4.5,1.5,4.5,1.73,0.37,1.73,0.693,23.63529,2,-1
O2Ta2-857d4f03ddfc,3,40.5,32.5,40.5,0.707,0.63,10.5,11,10.5,4,2,4,5.5,0.5,5.5,2.47,0.97,2.47,0.693,13.96214,2,-1
Te2Ti2-f1e1795012a8,2,37,15,37,0.707,0.63,10,12,10,4.5,0.5,4.5,5,1,5,1.82,0.28,1.82,0.693,18.24162,2,-1
O2W2-f3abdf25377d,4,41,33,41,0.707,0.63,11,10,11,4,2,4,6,0,6,2.9,0.54,2.9,0.693,12.81421,2,-1
Al2Te2-1584210aaef9,0,32.5,19.5,32.5,0.707,0.63,14.5,3,14.5,4,1,4,4.5,1.5,4.5,1.855,0.245,1.855,0.693,14.78743,2,-1
Hg2S2-e805fd2216c9,10,48,32,48,0.707,0.63,14,4,14,4.5,1.5,4.5,4,2,4,2.29,0.29,2.29,0.693,15.89858,2,-1
Mn2Te6-7a5019fc3624,5,45.25,10.125,52,0.791,0.759,13.75,6.75,16,4.75,0.375,5,6.25,0.375,6,1.963,0.206,2.1,0.562,22.34623,2,1
Pt2O6-0008df9b5ac7,9,25.5,26.25,8,0.791,0.759,14.5,4.5,16,3,1.5,2,7,1.5,6,3.15,0.435,3.44,0.562,18.33947,2,1
Mn2Se4-47943bd9c080,5,31,4,34,0.745,0.693,13,8,16,4,0,4,6.333,0.444,6,2.217,0.444,2.55,0.637,18.62658,2,1
Br4Se4Ti4-073c9eb8c253,2,30.333,5.556,30.333,0.577,0.481,12.333,11.111,12.333,4,0,4,5.667,1.111,5.667,2.35,0.54,2.35,1.099,42.79309,4,1
Cl4S4Zr4-df12602a0e6d,2,24.333,10.444,24.333,0.577,0.481,12.333,11.111,12.333,3.667,0.889,3.667,5.667,1.111,5.667,2.357,0.684,2.357,1.099,43.16215,4,1
Cr2O2-6e110313a3f8,5,16,8,16,0.707,0.63,11,10,11,3,1,3,6,0,6,2.55,0.89,2.55,0.693,15.00467,2,1
Hf2O2-a65f8b8e381c,2,40,32,40,0.707,0.63,10,12,10,4,2,4,5,1,5,2.37,1.07,2.37,0.693,17.94581,2,1
Mn2Se2-4e18fc666b1d,5,29.5,4.5,29.5,0.707,0.63,11.5,9,11.5,4,0,4,6.5,0.5,6.5,2.05,0.5,2.05,0.693,13.32793,2,1
BrITi-c9d532173771,2,36.667,10.889,36.667,0.577,0.481,12.667,11.556,12.667,4.333,0.444,4.333,6,1.333,6,2.387,0.564,2.387,1.099,13.27952,1,1
SSeV-18612ec43eba,3,24.333,6.444,24.333,0.577,0.481,12.333,9.778,12.333,3.667,0.444,3.667,5.667,0.444,5.667,2.253,0.416,2.253,1.099,9.30995,1,1
Cl2Cr2-64bab234751e,5,20.5,3.5,20.5,0.707,0.63,11.5,11,11.5,3.5,0.5,3.5,6.5,0.5,6.5,2.41,0.75,2.41,0.693,12.72845,2,1
Mn2Te2-a8f2bf3f56aa,5,38.5,13.5,38.5,0.707,0.63,11.5,9,11.5,4.5,0.5,4.5,6.5,0.5,6.5,1.825,0.275,1.825,0.693,15.91588,2,1
F2Rh2-ec547843e055,8,27,18,27,0.707,0.63,13,8,13,3.5,1.5,3.5,8,1,8,3.13,0.85,3.13,0.693,7.33271,2,1
Co2S2-0e8084b6b1d7,7,21.5,5.5,21.5,0.707,0.63,12.5,7,12.5,3.5,0.5,3.5,7.5,1.5,7.5,2.23,0.35,2.23,0.693,13.24122,2,1
Cr2O2-858f02048d1c,5,16,8,16,0.707,0.63,11,10,11,3,1,3,6,0,6,2.55,0.89,2.55,0.693,15.72661,2,1
Mn2S2-de56bdbee9ba,5,20.5,4.5,20.5,0.707,0.63,11.5,9,11.5,3.5,0.5,3.5,6.5,0.5,6.5,2.065,0.515,2.065,0.693,12.50328,2,1
F2Rh2-2b7c18bd8cd8,8,27,18,27,0.707,0.63,13,8,13,3.5,1.5,3.5,8,1,8,3.13,0.85,3.13,0.693,12.64863,2,1
S2V2-0faeeec6440a,3,19.5,3.5,19.5,0.707,0.63,10.5,11,10.5,3.5,0.5,3.5,5.5,0.5,5.5,2.105,0.475,2.105,0.693,13.23127,2,1
BiI2-b6ca2c91eff5,10,63,13.333,53,0.745,0.693,16.333,1.778,17,5.333,0.444,5,6.333,0.889,7,2.447,0.284,2.66,0.637,16.74384,1,1
CoBr2-807b6a88f950,7,32.333,3.556,35,0.745,0.693,14.333,7.111,17,4,0,4,7.667,0.889,7,2.6,0.48,2.96,0.637,15.05619,1,1
CrO2-aa2856f95afa,5,13.333,7.111,8,0.745,0.693,12.667,8.889,16,2.667,0.889,2,6,0,6,2.847,0.791,3.44,0.637,9.53223,1,1
F2Hf2-05a7b11032cf,2,40.5,31.5,40.5,0.707,0.63,10.5,13,10.5,4,2,4,5.5,1.5,5.5,2.64,1.34,2.64,0.693,15.33782,2,-1
ScBr2-7669f53ab864,1,30.333,6.222,35,0.745,0.693,12.333,12.444,17,4,0,4,5.667,1.778,7,2.427,0.711,2.96,0.637,14.7911,1,1
YS2-133aaf20a1ca,1,23.667,10.222,16,0.745,0.693,11.667,11.556,16,3.667,0.889,3,5,1.333,6,2.127,0.604,2.58,0.637,18.27425,1,1
CCr2H2O2-c58bc81037b7,5,10.286,7.837,24,0.515,0.418,8.571,11.592,6,2.286,0.98,4,4.286,1.959,6,2.45,0.594,1.66,1.352,8.02314,2,1
C2Ti3-72f949cd1679,2,15.6,7.68,22,0.721,0.654,8,9.6,4,3.2,0.96,4,4,0,4,1.944,0.485,1.54,0.673,8.3155,3,1
Ni2P2Se6-9cdd5e072a05,8,29,6,34,0.663,0.614,14.6,3.68,16,3.8,0.32,4,6.6,1.36,6,2.35,0.24,2.55,0.95,33.16556,2,1
P2Ti2Se6-01f1f67bb7e4,2,27.8,7.44,34,0.663,0.614,13.4,7.52,16,3.8,0.32,4,5.4,0.72,6,2.276,0.329,2.55,0.95,34.83414,2,1
BiI2-a000539092c6,10,63,13.333,53,0.745,0.693,16.333,1.778,17,5.333,0.444,5,6.333,0.889,7,2.447,0.284,2.66,0.637,14.55464,1,1
CoCl2-cb7655063dfe,7,20.333,4.444,17,0.745,0.693,14.333,7.111,17,3.333,0.444,3,7.667,0.889,7,2.733,0.569,3.16,0.637,10.83555,1,1
TiI2-d49f2853b897,2,42.667,13.778,53,0.745,0.693,12.667,11.556,17,4.667,0.444,5,6,1.333,7,2.287,0.498,2.66,0.637,14.4399,1,1
CrI2-524181a3ac86,5,43.333,12.889,53,0.745,0.693,13.333,9.778,17,4.667,0.444,5,6.667,0.444,7,2.327,0.444,2.66,0.637,13.65696,1,1
ScCl2-945f3bbaeedc,1,18.333,1.778,17,0.745,0.693,12.333,12.444,17,3.333,0.444,3,5.667,1.778,7,2.56,0.8,3.16,0.637,10.71918,1,1
YBr2-32aac6e20434,1,36.333,1.778,35,0.745,0.693,12.333,12.444,17,4.333,0.444,4,5.667,1.778,7,2.38,0.773,2.96,0.637,12.94694,1,1
Ag2Br6-751bf21cd722,10,38,4.5,35,0.791,0.759,15.5,4.5,17,4.25,0.375,4,8,1.5,7,2.702,0.386,2.96,0.562,40.24112,2,1
Hf2Cl6-55df638549b1,2,30.75,20.625,17,0.791,0.759,13.75,9.75,17,3.75,1.125,3,6.25,1.125,7,2.695,0.698,3.16,0.562,32.92438,2,1
Mn2Br6-6f33dda6bf52,5,32.5,3.75,35,0.791,0.759,14.5,7.5,17,4,0,4,7,0,7,2.607,0.529,2.96,0.562,37.51795,2,1
Ni2Br6-981a39e4f968,8,33.25,2.625,35,0.791,0.759,15.25,5.25,17,4,0,4,7.75,1.125,7,2.697,0.394,2.96,0.562,34.73946,2,1
Pt2I6-262ec9b49ee4,9,59.25,9.375,53,0.791,0.759,15.25,5.25,17,5.25,0.375,5,7.75,1.125,7,2.565,0.143,2.66,0.562,44.06793,2,1
Zr2Br6-7f49d473708d,2,36.25,1.875,35,0.791,0.759,13.75,9.75,17,4.25,0.375,4,6.25,1.125,7,2.552,0.611,2.96,0.562,37.56141,2,1
Co2Br6-26f91951e231,7,33,3,35,0.791,0.759,15,6,17,4,0,4,7.5,0.75,7,2.69,0.405,2.96,0.562,39.42879,2,1
Mn2Br6-16e41bb393dd,5,32.5,3.75,35,0.791,0.759,14.5,7.5,17,4,0,4,7,0,7,2.607,0.529,2.96,0.562,41.68857,2,1
Nb2I6-cf9f47bac93f,4,50,4.5,53,0.791,0.759,14,9,17,5,0,5,6.5,0.75,7,2.395,0.398,2.66,0.562,39.90508,2,1
Ta2Br6-6d92dec6a7a6,3,44.5,14.25,35,0.791,0.759,14,9,17,4.5,0.75,4,6.5,0.75,7,2.595,0.548,2.96,0.562,32.53004,2,1
ClIV-b03bee311f9c,3,31,14.667,31,0.577,0.481,13,10.667,13,4,0.667,4,6.333,0.889,6.333,2.483,0.569,2.483,1.099,10.85122,1,1
Cr2S4-1ec9f017f2be,5,18.667,3.556,16,0.745,0.693,12.667,8.889,16,3.333,0.444,3,6,0,6,2.273,0.409,2.58,0.637,34.27149,2,1
V2Se4-5760463dd51d,3,30.333,4.889,34,0.745,0.693,12.333,9.778,16,4,0,4,5.667,0.444,6,2.243,0.409,2.55,0.637,40.04434,2,1
Co4Se8-c0a4830ea73d,7,31.667,3.111,34,0.745,0.693,13.667,6.222,16,4,0,4,7,1.333,6,2.327,0.298,2.55,0.637,39.22109,4,1
CoO2-d0f974240910,7,14.333,8.444,8,0.745,0.693,13.667,6.222,16,2.667,0.889,2,7,1.333,6,2.92,0.693,3.44,0.637,6.44904,1,1
CrSe2-5b4a37f6d47c,5,30.667,4.444,34,0.745,0.693,12.667,8.889,16,4,0,4,6,0,6,2.253,0.396,2.55,0.637,9.01756,1,1
MnSe2-26f87ca48216,5,31,4,34,0.745,0.693,13,8,16,4,0,4,6.333,0.444,6,2.217,0.444,2.55,0.637,9.16967,1,1
NbO2-5f301fca16ab,4,19,14.667,8,0.745,0.693,12.333,9.778,16,3,1.333,2,5.667,0.444,6,2.827,0.818,3.44,0.637,7.62581,1,1
RhO2-9eef7b4ded96,8,20.333,16.444,8,0.745,0.693,13.667,6.222,16,3,1.333,2,7,1.333,6,3.053,0.516,3.44,0.637,7.55057,1,1
RuSe2-b815f285ca77,7,37.333,4.444,34,0.745,0.693,13.333,7.111,16,4.333,0.444,4,6.667,0.889,6,2.433,0.156,2.55,0.637,10.46433,1,1
VTe2-45a0c1470922,3,42.333,12.889,52,0.745,0.693,12.333,9.778,16,4.667,0.444,5,5.667,0.444,6,1.943,0.209,2.1,0.637,11.21346,1,1
Br2Cr2Se2-6d18e7a36c5a,5,31,4.667,31,0.577,0.481,13,9.333,13,4,0,4,6.333,0.444,6.333,2.39,0.487,2.39,1.099,18.2824,2,1
Cr2I2O2-30c4e34d1e6e,5,28.333,16.444,28.333,0.577,0.481,13,9.333,13,3.667,1.111,3.667,6.333,0.444,6.333,2.587,0.618,2.587,1.099,13.61804,2,1
Br2Fe2S2-b6b553c6a41c,6,25.667,6.444,25.667,0.577,0.481,13.667,7.556,13.667,3.667,0.444,3.667,7,0.667,7,2.457,0.418,2.457,1.099,15.20626,2,1
Cl2Mn2O2-37cd5cb7c82e,5,16.667,5.778,16.667,0.577,0.481,13.333,8.444,13.333,3,0.667,3,6.667,0.444,6.667,2.717,0.778,2.717,1.099,12.73401,2,1
I2Mn2Se2-9fd5b951f464,5,37.333,10.444,37.333,0.577,0.481,13.333,8.444,13.333,4.333,0.444,4.333,6.667,0.444,6.667,2.253,0.469,2.253,1.099,19.58909,2,1
I2Mo2N2-cbe708b72588,5,34,18,34,0.577,0.481,12.667,8.889,12.667,4,1.333,4,6,0.667,6,2.62,0.307,2.62,1.099,14.3601,2,1
Cl2Se2V2-b9824981c343,3,24.667,6.222,24.667,0.577,0.481,12.667,10.222,12.667,3.667,0.444,3.667,6,0.667,6,2.447,0.544,2.447,1.099,17.46297,2,1
Mn2Se2-540ca734cb6e,5,29.5,4.5,29.5,0.707,0.63,11.5,9,11.5,4,0,4,6.5,0.5,6.5,2.05,0.5,2.05,0.693,14.30727,2,1
Cr2O6-0f7f0626688d,5,12,6,8,0.791,0.759,13.5,7.5,16,2.5,0.75,2,6,0,6,2.995,0.667,3.44,0.562,13.12353,2,1
Mn2Te6-161b37c77fc8,5,45.25,10.125,52,0.791,0.759,13.75,6.75,16,4.75,0.375,5,6.25,0.375,6,1.963,0.206,2.1,0.562,22.45111,2,1
Cu2Br4-1d725b7aa76b,10,33,2.667,35,0.745,0.693,15,5.333,17,4,0,4,8.333,1.778,7,2.607,0.471,2.96,0.637,24.20232,2,1
Mn2Te4-3a8803833099,5,43,12,52,0.745,0.693,13,8,16,4.667,0.444,5,6.333,0.444,6,1.917,0.244,2.1,0.637,23.13147,2,1
Cl4Hf4S4-7216790e4eaf,2,35,24.667,35,0.577,0.481,12.333,11.111,12.333,4,1.333,4,5.667,1.111,5.667,2.347,0.698,2.347,1.099,42.21682,4,1
Cd2Te2-3a9e0525e324,10,50,2,50,0.707,0.63,14,4,14,5,0,5,4,2,4,1.895,0.205,1.895,0.693,18.88528,2,-1
Cl4Se4Zr4-9cab003b77d2,2,30.333,8.889,30.333,0.577,0.481,12.333,11.111,12.333,4,0.667,4,5.667,1.111,5.667,2.347,0.678,2.347,1.099,44.7403,4,1
Cr2S2-c4601991e8da,5,20,4,20,0.707,0.63,11,10,11,3.5,0.5,3.5,6,0,6,2.12,0.46,2.12,0.693,13.0535,2,1
Mn2Te2-070ecae01ad4,5,38.5,13.5,38.5,0.707,0.63,11.5,9,11.5,4.5,0.5,4.5,6.5,0.5,6.5,1.825,0.275,1.825,0.693,14.43916,2,1
Ni2S2-45c8c6156f9b,8,22,6,22,0.707,0.63,13,6,13,3.5,0.5,3.5,8,2,8,2.245,0.335,2.245,0.693,12.52018,2,1
Te2V2-c97aabd66234,3,37.5,14.5,37.5,0.707,0.63,10.5,11,10.5,4.5,0.5,4.5,5.5,0.5,5.5,1.865,0.235,1.865,0.693,13.35073,2,1
ClITi-e63dbdea0d67,2,30.667,14.889,30.667,0.577,0.481,12.667,11.556,12.667,4,0.667,4,6,1.333,6,2.453,0.609,2.453,1.099,12.74486,1,1
Co2Se2-d3261144e906,7,30.5,3.5,30.5,0.707,0.63,12.5,7,12.5,4,0,4,7.5,1.5,7.5,2.215,0.335,2.215,0.693,13.29259,2,1
Cr2O2-a424e065cefb,5,16,8,16,0.707,0.63,11,10,11,3,1,3,6,0,6,2.55,0.89,2.55,0.693,10.35907,2,1
Fe2Se2-4f9fa57b280a,6,30,4,30,0.707,0.63,12,8,12,4,0,4,7,1,7,2.19,0.36,2.19,0.693,13.81253,2,1
Mn2Se2-e271acd45e31,5,29.5,4.5,29.5,0.707,0.63,11.5,9,11.5,4,0,4,6.5,0.5,6.5,2.05,0.5,2.05,0.693,16.2655,2,1
CoCl2-2f828537d676,7,20.333,4.444,17,0.745,0.693,14.333,7.111,17,3.333,0.444,3,7.667,0.889,7,2.733,0.569,3.16,0.637,13.55845,1,1
CrS2-11366ce0d161,5,18.667,3.556,16,0.745,0.693,12.667,8.889,16,3.333,0.444,3,6,0,6,2.273,0.409,2.58,0.637,12.87482,1,1
ScCl2-0dce14695b38,1,18.333,1.778,17,0.745,0.693,12.333,12.444,17,3.333,0.444,3,5.667,1.778,7,2.56,0.8,3.16,0.637,13.401,1,1
TiI2-57e926e3ae55,2,42.667,13.778,53,0.745,0.693,12.667,11.556,17,4.667,0.444,5,6,1.333,7,2.287,0.498,2.66,0.637,16.34102,1,1
VBr2-5ce5bfec6b24,3,31,5.333,35,0.745,0.693,13,10.667,17,4,0,4,6.333,0.889,7,2.517,0.591,2.96,0.637,14.35542,1,1
ZrI2-2e090562de2e,2,48.667,5.778,53,0.745,0.693,12.667,11.556,17,5,0,5,6,1.333,7,2.217,0.591,2.66,0.637,15.12397,1,1
CF2Mn2-3d38c1abf21b,5,14.8,8.16,25,0.6,0.514,12.4,8.64,7,2.8,0.96,4,6.4,0.96,7,2.722,1.006,1.55,1.055,7.60891,2,1
NTi2-4bd1171c65a9,2,17,6.667,22,0.745,0.693,7.667,9.778,4,3.333,0.889,4,4.333,0.444,4,2.04,0.667,1.54,0.637,7.69167,2,1
N2Sc3-acf544e5d415,1,15.4,6.72,21,0.721,0.654,7.8,11.52,3,3.2,0.96,4,3.8,0.96,3,2.032,0.806,1.36,0.673,8.97059,3,1
F2N2Ti3-2d40c3057b98,2,14,6.857,22,0.589,0.5,10.857,11.755,4,2.857,0.98,4,5.143,1.061,4,2.666,0.965,1.54,1.079,7.70543,3,1
N3Mn4-0bb15dc7977c,5,17.286,8.816,25,0.714,0.643,10.429,7.837,7,3.143,0.98,4,6.143,0.98,7,2.189,0.73,1.55,0.683,7.08122,4,1
N3Sc4-daf440ed0646,1,15,6.857,21,0.714,0.643,8.143,11.755,3,3.143,0.98,4,3.857,0.98,3,2.08,0.823,1.36,0.683,8.92657,4,1
P2Ti2Te6-61838e16f91d,2,38.6,16.08,52,0.663,0.614,13.4,7.52,16,4.4,0.72,5,5.4,0.72,6,2.006,0.186,2.1,0.95,41.11141,2,1
AlBr2-9521d0714c9f,0,27.667,9.778,35,0.745,0.693,15.667,3.556,17,3.667,0.444,4,5.667,1.778,7,2.51,0.6,2.96,0.637,13.71281,1,1
CoI2-614854de7677,7,44.333,11.556,53,0.745,0.693,14.333,7.111,17,4.667,0.444,5,7.667,0.889,7,2.4,0.347,2.66,0.637,13.06936,1,1
PdCl2-6606a7816335,10,26.667,12.889,17,0.745,0.693,14.667,6.222,17,3.667,0.889,3,8,1.333,7,2.84,0.427,3.16,0.637,10.90874,1,1
ScI2-d71a8b9a636e,1,42.333,14.222,53,0.745,0.693,12.333,12.444,17,4.667,0.444,5,5.667,1.778,7,2.227,0.578,2.66,0.637,13.70953,1,1
YCl2-097c5f54659a,1,24.333,9.778,17,0.745,0.693,12.333,12.444,17,3.667,0.889,3,5.667,1.778,7,2.513,0.862,3.16,0.637,12.04836,1,1
Bi2I2-c3fa8fd438b6,10,68,15,68,0.707,0.63,16,2,16,5.5,0.5,5.5,6,1,6,2.34,0.32,2.34,0.693,26.0291,2,-1
Ni2S2-6433c7730d48,8,22,6,22,0.707,0.63,13,6,13,3.5,0.5,3.5,8,2,8,2.245,0.335,2.245,0.693,11.30383,2,-1
F2Pb2-80918d6f39e4,10,45.5,36.5,45.5,0.707,0.63,15.5,3,15.5,4,2,4,5.5,1.5,5.5,2.925,1.055,2.925,0.693,12.87536,2,-1
Ni2Br6-8967959b58fc,8,33.25,2.625,35,0.791,0.759,15.25,5.25,17,4,0,4,7.75,1.125,7,2.697,0.394,2.96,0.562,39.56053,2,1
V2Br6-992373a7e1ea,3,32,4.5,35,0.791,0.759,14,9,17,4,0,4,6.5,0.75,7,2.627,0.499,2.96,0.562,41.39266,2,1
Zr2Br6-e33da2247ac2,2,36.25,1.875,35,0.791,0.759,13.75,9.75,17,4.25,0.375,4,6.25,1.125,7,2.552,0.611,2.96,0.562,37.41464,2,1
SeTeV-716e51e45afe,3,36.333,10.444,36.333,0.577,0.481,12.333,9.778,12.333,4.333,0.444,4.333,5.667,0.444,5.667,2.093,0.309,2.093,1.099,10.44426,1,1
Cr2Se4-65173aff305c,5,30.667,4.444,34,0.745,0.693,12.667,8.889,16,4,0,4,6,0,6,2.253,0.396,2.55,0.637,38.74985,2,1
Mn2Se4-540fb05996f0,5,31,4,34,0.745,0.693,13,8,16,4,0,4,6.333,0.444,6,2.217,0.444,2.55,0.637,37.51509,2,1
CrTe2-3fb486362f1a,5,42.667,12.444,52,0.745,0.693,12.667,8.889,16,4.667,0.444,5,6,0,6,1.953,0.196,2.1,0.637,11.78473,1,1
FeO2-28c98c935df2,6,14,8,8,0.745,0.693,13.333,7.111,16,2.667,0.889,2,6.667,0.889,6,2.903,0.716,3.44,0.637,6.27558,1,1
NbS2-4df7629f04e6,4,24.333,11.111,16,0.745,0.693,12.333,9.778,16,3.667,0.889,3,5.667,0.444,6,2.253,0.436,2.58,0.637,9.69607,1,1
VO2-d6e75c5ce82e,3,13,6.667,8,0.745,0.693,12.333,9.778,16,2.667,0.889,2,5.667,0.444,6,2.837,0.804,3.44,0.637,7.27422,1,1
Cl2Cr2O2-49392dbd4e5d,5,16.333,5.556,16.333,0.577,0.481,13,9.333,13,3,0.667,3,6.333,0.444,6.333,2.753,0.729,2.753,1.099,12.59406,2,1
Ru2S2-33225c1066de,7,30,14,30,0.707,0.63,12,8,12,4,1,4,7,1,7,2.39,0.19,2.39,0.693,12.49555,2,-1
F2Ta2-3472bad93efb,3,41,32,41,0.707,0.63,11,12,11,4,2,4,6,1,6,2.74,1.24,2.74,0.693,7.42515,2,-1
Cl2Zr2-14bc47f10ec6,2,28.5,11.5,28.5,0.707,0.63,10.5,13,10.5,4,1,4,5.5,1.5,5.5,2.245,0.915,2.245,0.693,15.18079,2,-1
Cl2Cs2-e85b67045b23,0,36,19,36,0.707,0.63,9,16,9,4.5,1.5,4.5,4,3,4,1.975,1.185,1.975,0.693,45.41984,2,-1
Cl2Hf2-048380adb48d,2,44.5,27.5,44.5,0.707,0.63,10.5,13,10.5,4.5,1.5,4.5,5.5,1.5,5.5,2.23,0.93,2.23,0.693,16.00137,2,-1
Br2In2-97f88130feea,0,42,7,42,0.707,0.63,15,4,15,4.5,0.5,4.5,5,2,5,2.37,0.59,2.37,0.693,38.82186,2,-1
Br2K2-a110a9463b72,0,27,8,27,0.707,0.63,9,16,9,4,0,4,4,3,4,1.89,1.07,1.89,0.693,39.6792,2,-1
Ag2Br6-8e63ef562431,10,38,4.5,35,0.791,0.759,15.5,4.5,17,4.25,0.375,4,8,1.5,7,2.702,0.386,2.96,0.562,40.55775,2,1
Au2Br6-dbc278a06722,10,46,16.5,35,0.791,0.759,15.5,4.5,17,4.5,0.75,4,8,1.5,7,2.855,0.158,2.96,0.562,40.606,2,1
Mn2Cl6-5d0554fdd87b,5,19,3,17,0.791,0.759,14.5,7.5,17,3.25,0.375,3,7,0,7,2.758,0.604,3.16,0.562,30.15525,2,1
Ni2Cl6-60147a25e3e9,8,19.75,4.125,17,0.791,0.759,15.25,5.25,17,3.25,0.375,3,7.75,1.125,7,2.848,0.469,3.16,0.562,30.85696,2,1
Re2Br6-601836adaccc,5,45,15,35,0.791,0.759,14.5,7.5,17,4.5,0.75,4,7,0,7,2.695,0.398,2.96,0.562,35.59641,2,1
V2Br6-d9bbe81e24bb,3,32,4.5,35,0.791,0.759,14,9,17,4,0,4,6.5,0.75,7,2.627,0.499,2.96,0.562,37.70898,2,1
Zr2Cl6-a1c0918fe7f5,2,22.75,8.625,17,0.791,0.759,13.75,9.75,17,3.5,0.75,3,6.25,1.125,7,2.703,0.686,3.16,0.562,33.80869,2,1
Co2Cl6-51ce1343b848,7,19.5,3.75,17,0.791,0.759,15,6,17,3.25,0.375,3,7.5,0.75,7,2.84,0.48,3.16,0.562,35.66071,2,1
Cu2Cl6-9d1c1e79b1c9,10,20,4.5,17,0.791,0.759,15.5,4.5,17,3.25,0.375,3,8,1.5,7,2.845,0.473,3.16,0.562,35.64138,2,1
Mn2Br6-21371f8659ed,5,32.5,3.75,35,0.791,0.759,14.5,7.5,17,4,0,4,7,0,7,2.607,0.529,2.96,0.562,41.72378,2,1
Pd2Cl6-630be3bd35b8,10,24.25,10.875,17,0.791,0.759,15.25,5.25,17,3.5,0.75,3,7.75,1.125,7,2.92,0.36,3.16,0.562,38.78798,2,1
NbSeTe-42c9fb2f24aa,4,42.333,6.444,42.333,0.577,0.481,12.333,9.778,12.333,4.667,0.444,4.667,5.667,0.444,5.667,2.083,0.322,2.083,1.099,11.13161,1,1
SSeV-0f3ba3ea815f,3,24.333,6.444,24.333,0.577,0.481,12.333,9.778,12.333,3.667,0.444,3.667,5.667,0.444,5.667,2.253,0.416,2.253,1.099,9.22888,1,1
Cr2S4-6973cc7c778f,5,18.667,3.556,16,0.745,0.693,12.667,8.889,16,3.333,0.444,3,6,0,6,2.273,0.409,2.58,0.637,33.74,2,1
Mn2S4-43790bb1b988,5,19,4,16,0.745,0.693,13,8,16,3.333,0.444,3,6.333,0.444,6,2.237,0.458,2.58,0.637,32.38365,2,1
CoS2-22f672fea437,7,19.667,4.889,16,0.745,0.693,13.667,6.222,16,3.333,0.444,3,7,1.333,6,2.347,0.311,2.58,0.637,8.97954,1,1
MnTe2-9a4fcdbcdd7a,5,43,12,52,0.745,0.693,13,8,16,4.667,0.444,5,6.333,0.444,6,1.917,0.244,2.1,0.637,12.08364,1,1
RuSe2-63e2d2ee3b00,7,37.333,4.444,34,0.745,0.693,13.333,7.111,16,4.333,0.444,4,6.667,0.889,6,2.433,0.156,2.55,0.637,10.4321,1,1
Cl2Cr2N2-b7532b841d6c,5,16,6,16,0.577,0.481,12.667,8.889,12.667,3,0.667,3,6,0.667,6,2.62,0.64,2.62,1.099,12.11332,2,1
Cr2I2S2-7c12ce545360,5,31,14.667,31,0.577,0.481,13,9.333,13,4,0.667,4,6.333,0.444,6.333,2.3,0.427,2.3,1.099,17.57544,2,1
Br2Fe2S2-89a6d3f60200,6,25.667,6.444,25.667,0.577,0.481,13.667,7.556,13.667,3.667,0.444,3.667,7,0.667,7,2.457,0.418,2.457,1.099,15.30998,2,1
Fe2I2O2-305b50ff0b19,6,29,16,29,0.577,0.481,13.667,7.556,13.667,3.667,1.111,3.667,7,0.667,7,2.643,0.542,2.643,1.099,13.79325,2,1
Br2Hg2O2-014d31400f3d,10,41,26,41,0.577,0.481,15,4,15,4,1.333,4,5,2,5,2.8,0.533,2.8,1.099,16.40817,2,1
Br2Mn2N2-9255d48541ae,5,22.333,10.222,22.333,0.577,0.481,13,8,13,3.333,0.889,3.333,6.333,0.889,6.333,2.517,0.644,2.517,1.099,12.4003,2,1
Cl2Mn2S2-e920b94ad8fc,5,19.333,3.778,19.333,0.577,0.481,13.333,8.444,13.333,3.333,0.444,3.333,6.667,0.444,6.667,2.43,0.587,2.43,1.099,16.96682,2,1
I2Ni2O2-2bc8e3ed12d1,8,29.667,15.556,29.667,0.577,0.481,14.333,5.778,14.333,3.667,1.111,3.667,7.667,1.556,7.667,2.67,0.513,2.67,1.099,12.851,2,1
I2N2V2-1431a0eb405e,3,27.667,16.889,27.667,0.577,0.481,12.333,9.778,12.333,3.667,1.111,3.667,5.667,0.889,5.667,2.443,0.542,2.443,1.099,13.43292,2,1
Mn2Se2-33153b20fa2c,5,29.5,4.5,29.5,0.707,0.63,11.5,9,11.5,4,0,4,6.5,0.5,6.5,2.05,0.5,2.05,0.693,12.61217,2,1
Ni2O2-1983d617d539,8,18,10,18,0.707,0.63,13,6,13,3,1,3,8,2,8,2.675,0.765,2.675,0.693,8.57587,2,1
Se2Ta2-032ce1cdb6a8,3,53.5,19.5,53.5,0.707,0.63,10.5,11,10.5,5,1,5,5.5,0.5,5.5,2.025,0.525,2.025,0.693,9.12173,2,1
Cr2O6-e65c0c0b704d,5,12,6,8,0.791,0.759,13.5,7.5,16,2.5,0.75,2,6,0,6,2.995,0.667,3.44,0.562,13.15349,2,1
Mn2Te4-b820ecadf516,5,43,12,52,0.745,0.693,13,8,16,4.667,0.444,5,6.333,0.444,6,1.917,0.244,2.1,0.637,21.36348,2,1
Cl4S4Ti4-8c00680c9522,2,18.333,2.444,18.333,0.577,0.481,12.333,11.111,12.333,3.333,0.444,3.333,5.667,1.111,5.667,2.427,0.591,2.427,1.099,38.80925,4,1
Cr2Se2-d37261b9c1c4,5,29,5,29,0.707,0.63,11,10,11,4,0,4,6,0,6,2.105,0.445,2.105,0.693,13.83708,2,1
Hf2S2-a38a7fa2191c,2,44,28,44,0.707,0.63,10,12,10,4.5,1.5,4.5,5,1,5,1.94,0.64,1.94,0.693,18.33032,2,1
MoTe2-03aa23bfac74,5,48.667,4.444,52,0.745,0.693,12.667,8.889,16,5,0,5,6,0,6,2.12,0.027,2.1,0.637,10.56877,1,-1
NbTe2-24e850444f48,4,48.333,4.889,52,0.745,0.693,12.333,9.778,16,5,0,5,5.667,0.444,6,1.933,0.222,2.1,0.637,11.76431,1,-1
Mo2W2Se8-a1d716aad84d,5,42,10.667,34,0.707,0.674,12.667,8.889,16,4.5,0.667,4,6,0,6,2.453,0.129,2.55,0.868,38.18892,4,-1
Ti2Zr2Se8-846b50801a93,2,33,3.667,34,0.707,0.674,12,10.667,16,4.167,0.278,4,5.333,0.889,6,2.178,0.496,2.55,0.868,44.9762,4,-1
TiZr3Se8-a148361e5e9a,2,34.5,2.75,34,0.717,0.679,12,10.667,16,4.25,0.375,4,5.333,0.889,6,2.161,0.519,2.55,0.824,46.23488,4,-1
Al2Br2N2-1d000b12ca7b,0,18.333,11.111,18.333,0.577,0.481,15,2.667,15,3,0.667,3,5,1.333,5,2.537,0.618,2.537,1.099,11.94224,2,-1
Br2Cu2S2-1690aca87f60,10,26.667,7.111,26.667,0.577,0.481,14.667,4.889,14.667,3.667,0.444,3.667,8,2,8,2.48,0.387,2.48,1.099,16.26271,2,-1
Br2Ga2O2-f06d0758fdea,0,24.667,11.111,24.667,0.577,0.481,15.333,3.111,15.333,3.333,0.889,3.333,5.333,1.556,5.333,2.737,0.618,2.737,1.099,13.1055,2,-1
Hf2I2O2-446d0c7561b2,2,44.333,24.222,44.333,0.577,0.481,12.333,11.111,12.333,4.333,1.556,4.333,5.667,1.111,5.667,2.467,0.778,2.467,1.099,16.12551,2,-1
Hg2I2O2-f4d0539c4bb6,10,47,26,47,0.577,0.481,15,4,15,4.333,1.556,4.333,5,2,5,2.7,0.493,2.7,1.099,16.0539,2,-1
Cl2Mo2S2-3183bad24fef,5,25,11.333,25,0.577,0.481,13,9.333,13,3.667,0.889,3.667,6.333,0.444,6.333,2.633,0.351,2.633,1.099,14.32123,2,-1
Br2Nb2Se2-d526b2cb4001,4,36.667,2.889,36.667,0.577,0.481,12.667,10.222,12.667,4.333,0.444,4.333,6,0.667,6,2.37,0.513,2.37,1.099,17.6169,2,-1
Br2Ni2Se2-014c41b1bf55,8,32.333,2.889,32.333,0.577,0.481,14.333,5.778,14.333,4,0,4,7.667,1.556,7.667,2.473,0.376,2.473,1.099,17.46761,2,-1
Mo2O2-af41089b844c,5,25,17,25,0.707,0.63,11,10,11,3.5,1.5,3.5,6,0,6,2.8,0.64,2.8,0.693,14.09605,2,1
Ni2Se2-3c97e1d4a4f8,8,31,3,31,0.707,0.63,13,6,13,4,0,4,8,2,8,2.23,0.32,2.23,0.693,13.13039,2,1
O2Ti2-f43fbd954237,2,15,7,15,0.707,0.63,10,12,10,3,1,3,5,1,5,2.49,0.95,2.49,0.693,15.4629,2,1
STeV-18374204965d,3,30.333,14.444,30.333,0.577,0.481,12.333,9.778,12.333,4,0.667,4,5.667,0.444,5.667,2.103,0.318,2.103,1.099,10.44899,1,1
Cl2Co2-a6de66619bdb,7,22,5,22,0.707,0.63,13,8,13,3.5,0.5,3.5,8,1,8,2.52,0.64,2.52,0.693,9.04537,2,1
Fe2S2-4b2f182eaf20,6,21,5,21,0.707,0.63,12,8,12,3.5,0.5,3.5,7,1,7,2.205,0.375,2.205,0.693,11.42118,2,1
Br2Ti2-56c3462f3f39,2,28.5,6.5,28.5,0.707,0.63,10.5,13,10.5,4,0,4,5.5,1.5,5.5,2.25,0.71,2.25,0.693,13.5339,2,1
Cr2S2-d0248eb77981,5,20,4,20,0.707,0.63,11,10,11,3.5,0.5,3.5,6,0,6,2.12,0.46,2.12,0.693,12.77585,2,1
Fe2Te2-a15268879f97,6,39,13,39,0.707,0.63,12,8,12,4.5,0.5,4.5,7,1,7,1.965,0.135,1.965,0.693,14.71775,2,1
Mn2Se2-42fab1cf9720,5,29.5,4.5,29.5,0.707,0.63,11.5,9,11.5,4,0,4,6.5,0.5,6.5,2.05,0.5,2.05,0.693,12.93088,2,1
Ni2Te2-17e9890eeaec,8,40,12,40,0.707,0.63,13,6,13,4.5,0.5,4.5,8,2,8,2.005,0.095,2.005,0.693,13.32808,2,1
Br2V2-da67499d6af8,3,29,6,29,0.707,0.63,11,12,11,4,0,4,6,1,6,2.295,0.665,2.295,0.693,13.25155,2,1
Se2V2-9556122e471e,3,28.5,5.5,28.5,0.707,0.63,10.5,11,10.5,4,0,4,5.5,0.5,5.5,2.09,0.46,2.09,0.693,13.19079,2,1
Br2Y2-852fc0d86ecb,1,37,2,37,0.707,0.63,10,14,10,4.5,0.5,4.5,5,2,5,2.09,0.87,2.09,0.693,20.30963,2,1
Nb2S2-6446595a3d22,4,28.5,12.5,28.5,0.707,0.63,10.5,11,10.5,4,1,4,5.5,0.5,5.5,2.09,0.49,2.09,0.693,9.09453,2,1
S2Ti2-6355dd9cda9b,2,19,3,19,0.707,0.63,10,12,10,3.5,0.5,3.5,5,1,5,2.06,0.52,2.06,0.693,10.09156,2,1
CoF2-2f2f01730826,7,15,8,9,0.745,0.693,14.333,7.111,17,2.667,0.889,2,7.667,0.889,7,3.28,0.933,3.98,0.637,10.94241,1,1
CrSe2-364481137d28,5,30.667,4.444,34,0.745,0.693,12.667,8.889,16,4,0,4,6,0,6,2.253,0.396,2.55,0.637,14.27524,1,1
MnBr2-6e4f4724ab75,5,31.667,4.444,35,0.745,0.693,13.667,8.889,17,4,0,4,7,0,7,2.49,0.627,2.96,0.637,16.54175,1,1
NbO2-8ca360f9209f,4,19,14.667,8,0.745,0.693,12.333,9.778,16,3,1.333,2,5.667,0.444,6,2.827,0.818,3.44,0.637,11.69528,1,1
PdF2-ee10b74aa014,10,21.333,16.444,9,0.745,0.693,14.667,6.222,17,3,1.333,2,8,1.333,7,3.387,0.791,3.98,0.637,8.99454,1,1
ScF2-712bdd295377,1,13,5.333,9,0.745,0.693,12.333,12.444,17,2.667,0.889,2,5.667,1.778,7,3.107,1.164,3.98,0.637,9.7628,1,1
VCl2-54579dd244a5,3,19,2.667,17,0.745,0.693,13,10.667,17,3.333,0.444,3,6.333,0.889,7,2.65,0.68,3.16,0.637,12.6135,1,1
CH2Mn2O2-7938aedd38e3,5,10.571,8.245,25,0.515,0.418,8.857,11.102,7,2.286,0.98,4,4.571,2.204,7,2.419,0.621,1.55,1.352,7.87485,2,1
CZr2-758fc914677e,2,28.667,15.111,40,0.745,0.693,7.333,8.889,4,4,1.333,5,4,0,4,1.737,0.542,1.33,0.637,9.39824,2,1
NTi2-11d3491aacd8,2,17,6.667,22,0.745,0.693,7.667,9.778,4,3.333,0.889,4,4.333,0.444,4,2.04,0.667,1.54,0.637,7.68555,2,1
C2F2Cr3-370de8d0f4f5,5,14.571,8.082,24,0.589,0.5,11.429,9.306,6,2.857,0.98,4,5.714,0.98,6,2.577,0.802,1.66,1.079,7.57104,3,1
C2F2Y3-3a7aee4bc19d,1,21,15.429,39,0.589,0.5,10.143,12.245,3,3.286,1.469,5,4.429,1.469,3,2.389,1.002,1.22,1.079,10.77656,3,1
O2N3Mn4-24ea907e3c1d,5,15.222,8.691,25,0.598,0.514,11.667,8.296,7,2.889,0.988,4,6.111,0.79,7,2.467,0.815,1.55,1.061,7.30016,4,1
P2Ti2Te6-c2ee5fa34be0,2,38.6,16.08,52,0.663,0.614,13.4,7.52,16,4.4,0.72,5,5.4,0.72,6,2.006,0.186,2.1,0.95,40.73406,2,1
CuBr2-d7a74d296767,10,33,2.667,35,0.745,0.693,15,5.333,17,4,0,4,8.333,1.778,7,2.607,0.471,2.96,0.637,11.24821,1,1
NiBr2-54174cbbd86d,8,32.667,3.111,35,0.745,0.693,14.667,6.222,17,4,0,4,8,1.333,7,2.61,0.467,2.96,0.637,11.03012,1,1
Co2Se2-17ef6bf46fb6,7,30.5,3.5,30.5,0.707,0.63,12.5,7,12.5,4,0,4,7.5,1.5,7.5,2.215,0.335,2.215,0.693,12.12234,2,-1
Cl2In2-9d0130e99f0c,0,33,16,33,0.707,0.63,15,4,15,4,1,4,5,2,5,2.47,0.69,2.47,0.693,14.56847,2,-1
VBr2-defb0e849909,3,31,5.333,35,0.745,0.693,13,10.667,17,4,0,4,6.333,0.889,7,2.517,0.591,2.96,0.637,10.24974,1,1
YI2-ed68c71a1964,1,48.333,6.222,53,0.745,0.693,12.333,12.444,17,5,0,5,5.667,1.778,7,2.18,0.64,2.66,0.637,14.59102,1,1
Ag2Cl6-c3186a02ba23,10,24.5,11.25,17,0.791,0.759,15.5,4.5,17,3.5,0.75,3,8,1.5,7,2.853,0.461,3.16,0.562,36.69887,2,1
Au2Cl6-dc3bafe73d1d,10,32.5,23.25,17,0.791,0.759,15.5,4.5,17,3.75,1.125,3,8,1.5,7,3.005,0.233,3.16,0.562,37.92321,2,1
Cr2Br6-a2b76211abb5,5,32.25,4.125,35,0.791,0.759,14.25,8.25,17,4,0,4,6.75,0.375,7,2.635,0.488,2.96,0.562,35.89505,2,1
Hf2I6-03ec8f3f6481,2,57.75,7.125,53,0.791,0.759,13.75,9.75,17,5.25,0.375,5,6.25,1.125,7,2.32,0.51,2.66,0.562,43.44415,2,1
Mn2I6-d9a80f37eeb5,5,46,10.5,53,0.791,0.759,14.5,7.5,17,4.75,0.375,5,7,0,7,2.383,0.416,2.66,0.562,43.83988,2,1
Ni2I6-58d94153e8e9,8,46.75,9.375,53,0.791,0.759,15.25,5.25,17,4.75,0.375,5,7.75,1.125,7,2.473,0.281,2.66,0.562,40.48772,2,1
Re2Cl6-f051c19359c3,5,31.5,21.75,17,0.791,0.759,14.5,7.5,17,3.75,1.125,3,7,0,7,2.845,0.473,3.16,0.562,28.64136,2,1
Ta2Br6-3dcb52d52fb1,3,44.5,14.25,35,0.791,0.759,14,9,17,4.5,0.75,4,6.5,0.75,7,2.595,0.548,2.96,0.562,32.86378,2,1
V2Cl6-8e5cf44cfd10,3,18.5,2.25,17,0.791,0.759,14,9,17,3.25,0.375,3,6.5,0.75,7,2.777,0.574,3.16,0.562,33.54677,2,1
Zr2I6-7442c0cb7793,2,49.75,4.875,53,0.791,0.759,13.75,9.75,17,5,0,5,6.25,1.125,7,2.328,0.499,2.66,0.562,43.83371,2,1
Co2Cl6-2d728ba2b114,7,19.5,3.75,17,0.791,0.759,15,6,17,3.25,0.375,3,7.5,0.75,7,2.84,0.48,3.16,0.562,35.00401,2,1
Hf2Br6-377d56c4922a,2,44.25,13.875,35,0.791,0.759,13.75,9.75,17,4.5,0.75,4,6.25,1.125,7,2.545,0.623,2.96,0.562,36.19369,2,1
Mn2Cl6-9f0cb5bce5e9,5,19,3,17,0.791,0.759,14.5,7.5,17,3.25,0.375,3,7,0,7,2.758,0.604,3.16,0.562,36.67852,2,1
Ni2Br6-dc981f06072d,8,33.25,2.625,35,0.791,0.759,15.25,5.25,17,4,0,4,7.75,1.125,7,2.697,0.394,2.96,0.562,39.84542,2,1
Ta2Cl6-8959547e73cb,3,31,21,17,0.791,0.759,14,9,17,3.75,1.125,3,6.5,0.75,7,2.745,0.623,3.16,0.562,28.82121,2,1
V2Br6-512eea8b9d36,3,32,4.5,35,0.791,0.759,14,9,17,4,0,4,6.5,0.75,7,2.627,0.499,2.96,0.562,41.08952,2,1
STeV-05f16dc9de6b,3,30.333,14.444,30.333,0.577,0.481,12.333,9.778,12.333,4,0.667,4,5.667,0.444,5.667,2.103,0.318,2.103,1.099,10.00325,1,1
Mn2S4-03caf7d3c0d3,5,19,4,16,0.745,0.693,13,8,16,3.333,0.444,3,6.333,0.444,6,2.237,0.458,2.58,0.637,32.9374,2,1
FeO2-e25173381887,6,14,8,8,0.745,0.693,13.333,7.111,16,2.667,0.889,2,6.667,0.889,6,2.903,0.716,3.44,0.637,6.83915,1,1
MnTe2-66a6488e6059,5,43,12,52,0.745,0.693,13,8,16,4.667,0.444,5,6.333,0.444,6,1.917,0.244,2.1,0.637,11.60134,1,1
Cl2Cr2N2-6f3c7a9a7189,5,16,6,16,0.577,0.481,12.667,8.889,12.667,3,0.667,3,6,0.667,6,2.62,0.64,2.62,1.099,12.5707,2,1
Cr2I2S2-a68f6e0481d3,5,31,14.667,31,0.577,0.481,13,9.333,13,4,0.667,4,6.333,0.444,6.333,2.3,0.427,2.3,1.099,17.50705,2,1
Br2Fe2Se2-ad6b4823057d,6,31.667,3.778,31.667,0.577,0.481,13.667,7.556,13.667,4,0,4,7,0.667,7,2.447,0.411,2.447,1.099,17.39036,2,1
Fe2I2O2-e70846944452,6,29,16,29,0.577,0.481,13.667,7.556,13.667,3.667,1.111,3.667,7,0.667,7,2.643,0.542,2.643,1.099,14.00599,2,1
Br2Mn2N2-0b5c98204fe6,5,22.333,10.222,22.333,0.577,0.481,13,8,13,3.333,0.889,3.333,6.333,0.889,6.333,2.517,0.644,2.517,1.099,12.35719,2,1
Cl2Mn2S2-3f984c36f359,5,19.333,3.778,19.333,0.577,0.481,13.333,8.444,13.333,3.333,0.444,3.333,6.667,0.444,6.667,2.43,0.587,2.43,1.099,16.92341,2,1
I2Ni2O2-96fb249c879b,8,29.667,15.556,29.667,0.577,0.481,14.333,5.778,14.333,3.667,1.111,3.667,7.667,1.556,7.667,2.67,0.513,2.67,1.099,12.85468,2,1
Br2O2V2-87834d3ee832,3,22,9.333,22,0.577,0.481,12.667,10.222,12.667,3.333,0.889,3.333,6,0.667,6,2.677,0.698,2.677,1.099,13.31424,2,1
I2N2V2-0a821d6fb09b,3,27.667,16.889,27.667,0.577,0.481,12.333,9.778,12.333,3.667,1.111,3.667,5.667,0.889,5.667,2.443,0.542,2.443,1.099,13.44302,2,1
Ni2O2-d8358a94a4a6,8,18,10,18,0.707,0.63,13,6,13,3,1,3,8,2,8,2.675,0.765,2.675,0.693,8.47898,2,1
O2V2-17e29fe5468e,3,15.5,7.5,15.5,0.707,0.63,10.5,11,10.5,3,1,3,5.5,0.5,5.5,2.535,0.905,2.535,0.693,8.65033,2,1
Cr2S6-4f069b03f581,5,18,3,16,0.791,0.759,13.5,7.5,16,3.25,0.375,3,6,0,6,2.35,0.345,2.58,0.562,21.03151,2,1
Mo2Br4-d6d54aa7e7c4,5,37.333,3.111,35,0.745,0.693,13.333,9.778,17,4.333,0.444,4,6.667,0.444,7,2.693,0.356,2.96,0.637,21.23951,2,1
V2Br4-78f3d2dfa547,3,31,5.333,35,0.745,0.693,13,10.667,17,4,0,4,6.333,0.889,7,2.517,0.591,2.96,0.637,24.44562,2,1
Cl4Hf4Se4-5ae6fee60d68,2,41,20.667,41,0.577,0.481,12.333,11.111,12.333,4.333,1.111,4.333,5.667,1.111,5.667,2.337,0.691,2.337,1.099,43.69825,4,1
Cl4Se4Ti4-716f6cdbc2ad,2,24.333,6.444,24.333,0.577,0.481,12.333,11.111,12.333,3.667,0.444,3.667,5.667,1.111,5.667,2.417,0.584,2.417,1.099,40.6301,4,1
Cr2Te2-69d7a1a3d692,5,38,14,38,0.707,0.63,11,10,11,4.5,0.5,4.5,6,0,6,1.88,0.22,1.88,0.693,15.22169,2,1
Ni2Te2-725232091cb8,8,40,12,40,0.707,0.63,13,6,13,4.5,0.5,4.5,8,2,8,2.005,0.095,2.005,0.693,13.95825,2,1
O2Sc2-b7d098851038,1,14.5,6.5,14.5,0.707,0.63,9.5,13,9.5,3,1,3,4.5,1.5,4.5,2.4,1.04,2.4,0.693,19.41793,2,1
SeTeV-dd97df500ccd,3,36.333,10.444,36.333,0.577,0.481,12.333,9.778,12.333,4.333,0.444,4.333,5.667,0.444,5.667,2.093,0.309,2.093,1.099,10.5977,1,1
Cl2Co2-6d9ab78c7c2d,7,22,5,22,0.707,0.63,13,8,13,3.5,0.5,3.5,8,1,8,2.52,0.64,2.52,0.693,8.90376,2,1
Fe2Se2-4e53c67a27c6,6,30,4,30,0.707,0.63,12,8,12,4,0,4,7,1,7,2.19,0.36,2.19,0.693,12.60197,2,1
Br2Sc2-d62ee63a9db1,1,28,7,28,0.707,0.63,10,14,10,4,0,4,5,2,5,2.16,0.8,2.16,0.693,11.26205,2,1
Cr2S2-69045fcc4b5d,5,20,4,20,0.707,0.63,11,10,11,3.5,0.5,3.5,6,0,6,2.12,0.46,2.12,0.693,11.93,2,1
Fe2Te2-b49eca087529,6,39,13,39,0.707,0.63,12,8,12,4.5,0.5,4.5,7,1,7,1.965,0.135,1.965,0.693,13.1016,2,1
Cl2Mn2-52bd107bccb6,5,21,4,21,0.707,0.63,12,10,12,3.5,0.5,3.5,7,0,7,2.355,0.805,2.355,0.693,12.74623,2,1
Mn2Te2-18cc9a8aa37e,5,38.5,13.5,38.5,0.707,0.63,11.5,9,11.5,4.5,0.5,4.5,6.5,0.5,6.5,1.825,0.275,1.825,0.693,17.62264,2,1
Rh2S2-75d2f4af683a,8,30.5,14.5,30.5,0.707,0.63,12.5,7,12.5,4,1,4,7.5,1.5,7.5,2.43,0.15,2.43,0.693,15.47511,2,1
Cl2Y2-d4d8a110a15d,1,28,11,28,0.707,0.63,10,14,10,4,1,4,5,2,5,2.19,0.97,2.19,0.693,19.95452,2,1
CoI2-b8ec8fbbcdc2,7,44.333,11.556,53,0.745,0.693,14.333,7.111,17,4.667,0.444,5,7.667,0.889,7,2.4,0.347,2.66,0.637,17.48826,1,1
MnCl2-8eec64049548,5,19.667,3.556,17,0.745,0.693,13.667,8.889,17,3.333,0.444,3,7,0,7,2.623,0.716,3.16,0.637,15.28929,1,1
TaO2-aa97a13a2bcc,3,29.667,28.889,8,0.745,0.693,12.333,9.778,16,3.333,1.778,2,5.667,0.444,6,2.793,0.862,3.44,0.637,13.38717,1,1
CZr2-bfff47fe1288,2,28.667,15.111,40,0.745,0.693,7.333,8.889,4,4,1.333,5,4,0,4,1.737,0.542,1.33,0.637,9.47848,2,1
NF2Mn2-34cb297b0d13,5,15,8,25,0.6,0.514,12.6,8.96,7,2.8,0.96,4,6.6,0.64,7,2.82,1.016,1.55,1.055,8.32639,2,1
C2O2Cr3-7bc14ef5c0a9,5,14.286,8.327,24,0.589,0.5,11.143,8.816,6,2.857,0.98,4,5.429,0.816,6,2.423,0.654,1.66,1.079,7.23045,3,1
F2N2Mn3-599427d1517d,5,15.286,8.327,25,0.589,0.5,12.143,8.816,7,2.857,0.98,4,6.429,0.816,7,2.67,0.96,1.55,1.079,7.71744,3,1
F2C3Cr4-08daf0641368,5,14.667,8.296,24,0.598,0.514,11.111,9.086,6,2.889,0.988,4,5.556,1.037,6,2.472,0.722,1.66,1.061,7.76605,4,1
C3Zr4-70f55c32aafd,2,25.429,16.653,40,0.714,0.643,8.286,9.796,4,3.714,1.469,5,4,0,4,1.853,0.598,1.33,0.683,9.6662,4,1
H2O2N3Mn4-0575209d5cde,5,12.636,8.992,25,0.522,0.432,9.727,10.314,7,2.545,1.058,4,5.182,1.62,7,2.418,0.711,1.55,1.342,7.38446,4,1
F2N3V4-3f5b11d43a1b,3,14.556,7.506,23,0.598,0.514,11,10.667,5,2.889,0.988,4,5.444,0.691,5,2.622,0.882,1.63,1.061,7.76375,4,1
Cr2P2S6-34b15b944407,5,17.4,2.64,16,0.663,0.614,13.8,6.24,16,3.2,0.32,3,5.8,0.32,6,2.318,0.314,2.58,0.95,30.87033,2,1
AlCl2-19e656c59c1b,0,15.667,1.778,17,0.745,0.693,15.667,3.556,17,3,0,3,5.667,1.778,7,2.643,0.689,3.16,0.637,12.72421,1,1
AuCl2-833b677628cf,10,37.667,27.556,17,0.745,0.693,15,5.333,17,4,1.333,3,8.333,1.778,7,2.953,0.276,3.16,0.637,13.60732,1,1
RhBr2-1798ee766847,8,38.333,4.444,35,0.745,0.693,14.333,7.111,17,4.333,0.444,4,7.667,0.889,7,2.733,0.302,2.96,0.637,12.66605,1,1
CuCl2-2caa7fd2e99b,10,21,5.333,17,0.745,0.693,15,5.333,17,3.333,0.444,3,8.333,1.778,7,2.74,0.56,3.16,0.637,10.07892,1,1
NiCl2-2b2c799ab39a,8,20.667,4.889,17,0.745,0.693,14.667,6.222,17,3.333,0.444,3,8,1.333,7,2.743,0.556,3.16,0.637,9.82929,1,1
VCl2-00445ca3fc6e,3,19,2.667,17,0.745,0.693,13,10.667,17,3.333,0.444,3,6.333,0.889,7,2.65,0.68,3.16,0.637,8.98662,1,1
Ag2Cl6-f753db8ae919,10,24.5,11.25,17,0.791,0.759,15.5,4.5,17,3.5,0.75,3,8,1.5,7,2.853,0.461,3.16,0.562,36.32231,2,1
Au2Cl6-1fee35476d21,10,32.5,23.25,17,0.791,0.759,15.5,4.5,17,3.75,1.125,3,8,1.5,7,3.005,0.233,3.16,0.562,36.6497,2,1
Cr2Br6-e406fd4547de,5,32.25,4.125,35,0.791,0.759,14.25,8.25,17,4,0,4,6.75,0.375,7,2.635,0.488,2.96,0.562,35.99204,2,1
Cl2Cu2-c1a86f114149,10,23,6,23,0.707,0.63,14,6,14,3.5,0.5,3.5,9,2,9,2.53,0.63,2.53,0.693,12.53224,2,-1
F2Ga2-51b961036fbe,0,20,11,20,0.707,0.63,15,4,15,3,1,3,5,2,5,2.895,1.085,2.895,0.693,8.94666,2,-1
Hf2Se2-a2f6b7b424d2,2,53,19,53,0.707,0.63,10,12,10,5,1,5,5,1,5,1.925,0.625,1.925,0.693,15.76374,2,-1
Fe2Br6-c559fabf0ecf,6,32.75,3.375,35,0.791,0.759,14.75,6.75,17,4,0,4,7.25,0.375,7,2.677,0.424,2.96,0.562,34.2931,2,1
Mn2I6-2033b3b9502c,5,46,10.5,53,0.791,0.759,14.5,7.5,17,4.75,0.375,5,7,0,7,2.383,0.416,2.66,0.562,43.64564,2,1
Os2Br6-9ebcce66be85,6,45.25,15.375,35,0.791,0.759,14.75,6.75,17,4.5,0.75,4,7.25,0.375,7,2.77,0.285,2.96,0.562,36.3485,2,1
V2I6-c0ce836c2f33,3,45.5,11.25,53,0.791,0.759,14,9,17,4.75,0.375,5,6.5,0.75,7,2.402,0.386,2.66,0.562,44.30717,2,1
Hf2Cl6-ce2074ea7bd9,2,30.75,20.625,17,0.791,0.759,13.75,9.75,17,3.75,1.125,3,6.25,1.125,7,2.695,0.698,3.16,0.562,32.72729,2,1
Mn2Cl6-eb1a0a07e5b5,5,19,3,17,0.791,0.759,14.5,7.5,17,3.25,0.375,3,7,0,7,2.758,0.604,3.16,0.562,36.72373,2,1
