Material,Label,E-hull,E-band,E-form,a,V,dens.,d[M-X],A.R(X),E.N(X),A(X)
AgO,-1,0.047,0.18,-0.393,6.95,454.53,7.24,2.15,0.48,3.44,8
AgO2,-1,0.306,0,0.183,5.35,344.54,5.39,2.23,0.48,3.44,8
AgSe,1,0.102,0,-0.143,5.98,213.55,5.81,2.59,1.03,2.55,34
AgTe,1,0.001,0.24,-0.071,4.78,859.74,7.28,2.8,1.23,2.1,52
AgTe3,1,0.019,0,-0.017,8.63,341.65,7.15,3.05,1.23,2.1,52
AuS,1,0.145,0,0.057,3.93,91.34,8.33,2.48,0.87,2.58,16
AuS2,1,0.623,0,0.564,5.4,157.13,5.52,2.34,0.87,2.58,16
AuSe,1,0,0.26,-0.14,8.79,199.81,9.17,2.43,1.03,2.55,34
CoO,-1,0,0.59,-1.29,3.2,45.65,5.45,1.91,0.48,3.44,8
CoO2,-1,0,0.59,-1.07,13.23,247.17,4.85,1.81,0.48,3.44,8
CoS,1,0.085,0,-0.375,3.62,65.81,4.59,2.16,0.87,2.58,16
CoS2,1,0,0,-0.454,5.52,168.57,4.85,2.32,0.87,2.58,16
CoSe,1,0.121,0,-0.186,3.59,71.81,6.38,2.3,1.03,2.55,34
CoSe2,1,0,0,-0.346,3.66,104.37,6.9,2.42,1.03,2.55,34
CoTe,1,0.09,0,-0.166,3.76,68.81,7.58,2.62,1.23,2.1,52
CoTe2,1,0.019,0,-0.166,3.76,68.81,7.58,2.54,1.23,2.1,52
CrO,-1,0.005,0,-1.965,4.21,94.07,4.8,1.99,0.48,3.44,8
CrO2,-1,0.057,0.97,-1.988,3.01,133.05,4.19,1.89,0.48,3.44,8
CrO3,-1,0.047,2.29,-1.508,4.72,230.21,2.89,1.57,0.48,3.44,8
CrS2,1,0,-0.869,3.36,53.15,3.63,2.09,2.36,0.87,2.58,16
CrSe,1,0.137,0,-0.539,3.78,75.79,5.74,2.67,1.03,2.55,34
CrSe2,1,0.137,0,-0.769,3.53,62.23,5.6,2.49,1.03,2.55,34
CrTe,1,0.141,0,-0.247,4.12,185.68,6.42,2.84,1.23,2.1,52
CrTe2,1,0,0,-0.477,3.86,80.13,6.37,2.71,1.23,2.1,52
CrTe3,1,0,0,-0.451,8.21,980.18,5.89,2.73,1.23,2.1,52
CuO,-1,0,0,-0.785,4.1,85.53,6.16,1.94,0.48,3.44,8
CuO2,-1,0.164,0,-0.359,2.94,102.77,4.63,1.94,0.48,3.44,8
CuS,1,0,0,-0.277,3.75,400.7,4.75,2.28,0.87,2.58,16
CuS2,1,0.005,0,-0.18,3.59,97.9,4.33,2.43,0.87,2.58,16
CuSe,1,0,0,-0.185,3.91,469.89,6.04,2.47,1.03,2.55,34
CuSe2,1,0,0,-0.134,3.78,117.14,6.28,2.56,1.03,2.55,34
FeO,-1,0,1.82,-1.479,3.1,42.49,5.61,2.09,0.48,3.44,8
FeO2,-1,0.146,0,-1.275,4.61,63.25,4.61,1.94,0.48,3.44,8
FeO3,-1,0.542,0.31,-0.523,15.47,245.88,2.81,1.85,0.48,3.44,8
FeS,1,0,0,-0.757,3.59,67.99,4.29,2.17,0.87,2.58,16
FeS2,1,0,0.88,-0.847,3.38,80.67,4.94,2.25,0.87,2.58,16
FeSe,1,0,0,-0.508,3.93,90.61,4.94,2.48,1.03,2.55,34
FeSe2,1,0,0.37,-0.67,3.58,98.52,7.21,2.36,1.03,2.55,34
FeTe,1,0.076,0,-0.27,3.66,87.08,7,2.58,1.23,2.1,52
FeTe2,1,0,0.08,-0.462,3.87,126.84,8.14,2.55,1.23,2.1,52
HfO2,-1,0,4.02,-3.915,5.09,136.52,10.24,2.03,0.48,3.44,8
HfS,1,0,0,-1.691,3.39,34.03,10.27,2.6,0.87,2.58,16
HfS2,1,0,1.22,-1.806,3.64,69.47,5.8,2.54,0.87,2.58,16
HfS3,1,0,1.13,-1.373,5.13,167.94,5.43,2.59,0.87,2.58,16
HfSe2,1,0,0.53,-1.565,3.77,78.74,7.09,2.67,1.03,2.55,34
HfSe3,1,0.004,0.32,-1.17,3.45,194.61,7.09,2.77,1.03,2.55,34
HfTe2,1,0,0,-0.993,3.99,97.07,7.42,2.89,1.23,2.1,52
HfTe3,1,0.04,0,-0.75,5.95,244.57,7.62,2.95,1.23,2.1,52
IrO2,-1,0,0,-1.258,4.51,64.48,11.55,1.97,0.48,3.44,8
IrO3,-1,0,0,-0.979,7.07,371.95,8.58,1.94,0.48,3.44,8
IrS2,1,0,0.54,-0.502,3.59,405.33,8.4,2.3,0.87,2.58,16
IrSe,1,0.526,0,0.208,3.8,85.93,10.48,2.4,1.03,2.55,34
IrSe2,1,0,0.05,-0.424,3.77,476.94,9.75,2.43,1.03,2.55,34
IrSe3,1,0.63,0,-0.268,6.01,653.95,7.63,2.5,1.03,2.55,34
MoO2,-1,0.082,1.06,-1.936,10.62,368.34,4.61,2.02,0.48,3.44,8
MoO3,-1,0,1.37,-1.921,7.18,426.53,4.48,1.72,0.48,3.44,8
MoS2,1,0,1.2,-0.966,3.18,170.76,4.67,2.42,0.87,2.58,16
MoS3,1,0.303,0.73,-0.421,6.11,209.34,3.05,2.12,0.87,2.58,16
MoSe,1,0.619,0,0.057,3.27,33.57,8.65,2.62,1.03,2.55,34
MoSe2,1,0.004,1.14,-0.746,3.32,344.31,4.9,2.53,1.03,2.55,34
MoTe2,1,0.006,0.59,-0.301,3.56,428.28,5.45,2.73,1.23,2.1,52
MnO,-1,0.053,0.18,-1.977,4.45,87.99,8,2.22,0.48,3.44,8
MnO2,-1,0.017,1.15,-1.803,9.72,269.53,4.28,1.88,0.48,3.44,8
MnO3,-1,0.494,0,-0.871,5.21,186.13,3.67,2.12,0.48,3.44,8
MnS,1,0,0,-1.14,3.66,103.4,4.19,2.58,0.87,2.58,16
MnS2,1,0,0,-0.799,3.36,191.73,3.09,2.34,0.87,2.58,16
MnSe,1,0,0,-0.95,4.2,103.85,4.28,2.56,1.03,2.55,34
MnSe2,1,0.069,0,-0.564,6.23,241.31,5.86,2.57,1.03,2.55,34
MnTe,1,0.054,0,-0.557,4.17,203.84,5.95,2.94,1.23,2.1,52
MnTe2,1,0,0,-0.423,7,342.91,6.01,2.93,1.23,2.1,52
NiO,-1,0,2.3,-1.216,4.19,73.37,6.76,2.09,0.48,3.44,8
NiO2,-1,0.18,1.81,-0.685,2.8,142.49,3.17,1.88,0.48,3.44,8
NiO3,-1,1.053,0,0.444,4.01,203.44,1.74,1.81,0.48,3.44,8
NiS,1,0.014,0,-0.61,9.5,244.59,5.55,2.25,0.87,2.58,16
NiS2,1,0,0.24,-0.591,4.08,103.51,3.99,2.17,0.87,2.58,16
NiSe,1,0,0,-0.329,9.95,284.07,7.24,2.37,1.03,2.55,34
NiSe2,1,0.061,0,-0.258,3.65,106.93,6.73,2.47,1.03,2.55,34
NiTe,1,0,0,-0.19,3.861,258.87,7.17,2.48,1.23,2.1,52
NiTe2,1,0,0,-0.225,3.87,69.45,7.5,2.58,1.23,2.1,52
OsO2,-1,0,0,-1.341,4.48,64.36,11.47,1.95,0.48,3.44,8
OsS2,1,0,0,-0.483,5.64,179.42,9.42,2.36,0.87,2.58,16
OsSe2,1,0,0.2,-0.28,5.98,213.78,10.82,2.48,1.03,2.55,34
PdO,-1,0,0,-0.615,3.05,50.08,8.12,2.03,0.48,3.44,8
PdO2,-1,0,0,-0.431,4.52,64.34,7.14,1.97,0.48,3.44,8
PdS,1,0,0,-0.457,6.47,277.96,6.62,2.35,0.87,2.58,16
PdS2,1,0,0.42,-0.338,5.48,240.46,4.71,2.09,0.87,2.58,16
PdS3,1,0.419,0,0.166,3.35,181.07,3.72,2.37,0.87,2.58,16
PdSe,1,0,0,-0.392,6.79,320.76,7.68,2.44,1.03,2.55,34
PdSe2,1,0,0.4,-0.326,5.76,276.09,6.36,2.45,1.03,2.55,34
PtO,-1,0.139,0,-0.371,3.16,53.46,13.11,2.07,0.48,3.44,8
PtO2,-1,0,0.65,-0.628,3.16,64.74,11.65,2.01,0.48,3.44,8
PtO3,-1,0.087,0,-0.385,4.89,265.99,9.11,1.97,0.48,3.44,8
PtS,1,0,0.38,-0.533,3.49,74.69,10.1,2.32,0.87,2.58,16
PtSe2,1,0,0.62,-0.464,3.72,69.65,8.42,2.52,1.03,2.55,34
PtTe2,1,0,0,-0.442,4.05,77.7,9.62,2.71,1.23,2.1,52
PdTe2,1,0,0,-0.344,4.07,75.08,8,2.72,1.23,2.1,52
PtS2,1,0,1.55,-0.439,6.12,61.04,7.05,2.39,0.87,2.58,16
ReO2,-1,0.002,0,-1.892,4.59,125.99,11.5,1.99,0.48,3.44,8
ReO3,-1,0,0,-2.131,3.77,53.38,7.29,1.88,0.48,3.44,8
ReSe2,1,0,1.14,-0.463,6.64,265.05,8.62,2.43,1.03,2.55,34
ReS2,1,0,1.32,-0.902,6.4,467.53,7.11,2.31,0.87,2.58,16
ReTe,1,0.902,0,0.576,3.3,83.53,12.48,2.61,1.23,2.1,52
ReTe2,1,0.058,0.66,-0.377,7.1,332.97,8.81,2.67,1.23,2.1,52
RhO2,-1,0,0,-0.981,4.49,62.22,7.2,1.95,0.48,3.44,8
RhO3,-1,0.557,0,-0.179,11.08,311.98,2.41,1.75,0.48,3.44,8
RhS,1,0.223,0,-0.338,3.64,73.83,6.07,2.28,0.87,2.58,16
RhS2,1,0.045,0,-0.464,5.73,188.11,5.9,2.41,0.87,2.58,16
RhSe,1,0.113,0,-0.314,3.77,69.76,8.66,2.6,1.03,2.55,34
RhSe2,1,0,0,-0.516,3.73,471.79,7.34,2.47,1.03,2.55,34
RuO2,-1,0,0,-1.21,4.48,62.52,7.07,1.94,0.48,3.44,8
RuS2,1,0,0.67,-0.687,5.63,178.51,6.15,2.36,0.87,2.58,16
RuSe2,1,0,0.31,-0.524,5.97,212.95,8.08,2.49,1.03,2.55,34
ScO,-1,0.104,0,-3.114,4.46,88.53,4.57,2.23,0.48,3.44,8
ScO2,-1,0.272,0.59,-2.947,3.25,176.55,2.9,2.32,0.48,3.44,8
ScO3,-1,0.692,0,-1.722,4.37,75.2,4.11,2.58,0.48,3.44,8
ScS,1,0,0,-2.075,5.22,142.04,3.6,2.61,0.87,2.58,16
ScS2,1,0.314,0,-1.495,6.06,138.58,2.61,2.54,0.87,2.58,16
ScSe,1,0,0,-1.789,5.47,163.48,5.03,2.73,1.03,2.55,34
ScSe2,1,0.073,0,-1.563,3.95,123.83,5.44,2.93,1.03,2.55,34
ScTe,1,0,0,-1.389,4.16,103.32,5.55,2.96,1.23,2.1,52
ScTe3,1,0.325,0,-0.6,7.14,225.41,6.3,3.15,1.23,2.1,52
TaO2,-1,0.055,0.35,-2.823,13.82,1150.91,9.83,1.97,0.48,3.44,8
TaO3,-1,0.134,0,-2.564,3.96,62.1,6.12,1.98,0.48,3.44,8
TaO,-1,1.103,0,-1.056,4.51,91.57,14.29,2.25,0.48,3.44,8
TaS,1,0.221,0,-0.918,3.28,31.07,11.39,2.52,0.87,2.58,16
TaS2,1,0,0,-1.38,3.34,183.16,6.67,2.47,0.87,2.58,16
TaS3,1,0,0,-1.173,9.76,469.47,5.88,2.52,0.87,2.58,16
TaSe2,1,0,0,-0.932,3.4,140.28,8.02,2.61,1.03,2.55,34
TaSe3,1,0,0,-0.743,10.11,364.19,7.62,2.66,1.03,2.55,34
TaTe2,1,0,0,-0.641,15.4,1509.74,8.63,2.94,1.23,2.1,52
TiO,-1,0,0,-2.8,4.99,61.94,5.14,2.1,0.48,3.44,8
TiO2,-1,0,2.06,-3.322,3.78,137.57,3.86,1.94,0.48,3.44,8
TiS,1,0,0,-1.719,3.27,29.74,4.46,2.48,0.87,2.58,16
TiS2,1,0,0,-1.607,3.43,183.47,3.04,2.42,0.87,2.58,16
TiS3,1,0,0.28,-1.341,5.03,153.21,3.12,2.49,0.87,2.58,16
TiSe,1,0.298,0,-1.066,4.18,104.48,4.03,2.53,1.03,2.55,34
TiSe2,1,0,0,-1.426,3.56,69.54,4.91,2.56,1.03,2.55,34
TiTe,1,0.336,0,-0.465,3.63,87.22,6.68,2.84,1.23,2.1,52
TiTe2,1,0,0,-0.824,3.82,85.09,5.91,2.77,1.23,2.1,52
VO,-1,0.022,0.97,-2.088,4.37,83.61,5.32,2.19,0.48,3.44,8
VO2,-1,0.075,0.64,-2.444,5.48,260.35,4.23,1.88,0.48,3.44,8
VO3,-1,0.991,0.98,-1.01,11.72,1178.84,2.23,1.86,0.48,3.44,8
VS,1,0.088,0,-1.145,3.21,108.71,5.07,2.33,0.87,2.58,16
VS2,1,1.941,0,0.741,2.3,132.16,1.45,2.3,0.87,2.58,16
VSe,1,0.123,0,-0.683,3.63,86.56,4.98,2.5,1.03,2.55,34
VSe2,1,0,0,-0.833,3.43,64.56,5.37,2.5,1.03,2.55,34
VTe,1,0.15,0,-0.378,4.12,88.75,6.68,2.82,1.23,2.1,52
VTe2,1,0,0,-0.589,3.66,80.49,6.32,2.72,1.23,2.1,52
WO2,-1,0.132,1.34,-1.902,5.7,623.82,9.19,1.97,0.48,3.44,8
WO3,-1,0.006,1.6,-2.181,3.88,231.49,6.65,1.85,0.48,3.44,8
WS,1,0.431,0,-0.231,3.03,64.85,11.06,2.37,0.87,2.58,16
WS2,1,0,1.26,-0.883,3.18,113.96,7.23,2.41,0.87,2.58,16
YO,-1,0.214,0,-3.044,4.01,67.54,5.16,2.32,0.48,3.44,8
YO2,-1,0.281,0.33,-2.977,5.45,208.61,3.85,2.25,0.48,3.44,8
YO3,-1,0.46,0.19,-1.984,6.5,125.18,3.63,2.3,0.48,3.44,8
YS,1,0,0,-2.242,5.52,168.65,4.76,2.76,0.87,2.58,16
YS2,1,1.589,0,-0.396,7.83,479.94,4.24,3.25,0.87,2.58,16
YSe,1,0,0,-2.004,5.76,190.78,5.84,2.88,1.03,2.55,34
YSe2,1,0.034,0.13,-1.799,4.08,309.26,5.3,3.11,1.03,2.55,34
YTe,1,0.027,0,-1.484,6.16,233.82,6.15,3.08,1.23,2.1,52
YTe2,1,0.051,0,-1.427,4.45,176.34,6.48,3.29,1.23,2.1,52
YTe3,1,0,0,-1.239,4.34,490.06,6.32,3.2,1.23,2.1,52
ZrO,-1,0.346,0,-2.544,4.63,98.96,7.2,2.31,0.48,3.44,8
ZrS,1,0.091,0,-1.593,5.25,144.46,5.67,2.62,0.87,2.58,16
ZrS2,1,0,1.04,-1.848,3.69,71.29,3.62,2.57,0.87,2.58,16
ZrS3,1,0,1.11,-1.574,5.18,172.47,3.61,2.62,0.87,2.58,16
ZrSe,1,0.412,0,-1.145,5.25,789.31,5.73,2.68,1.03,2.55,34
ZrSe2,1,0,0.33,-1.581,3.81,80.5,5.14,2.7,1.03,2.55,34
ZrSe3,1,0,0.4,-1.237,5.48,199.41,5.46,2.76,1.03,2.55,34
ZrTe,1,0.273,0,-0.77,3.74,8.58,7.37,2.97,1.23,2.1,52
ZrTe2,1,0,0,-1.068,4.01,97.26,5.91,2.91,1.23,2.1,52
ZrTe3,1,0.003,0,-0.823,5.96,248.52,6.33,2.97,1.23,2.1,52
ZnO,-1,0.147,0.72,-1.5,4.34,81.68,6.62,2.17,0.48,3.44,8
ZnO2,-1,0.167,1.27,-0.931,3.2,125.5,5.16,2.11,0.48,3.44,8
ZnS,1,0,2.02,-0.962,3.81,782.19,4.14,2.33,0.87,2.58,16
ZnS2,1,0.146,1.42,-0.496,5.95,210.16,4.09,2.52,0.87,2.58,16
ZnSe,1,0.004,1.2,-0.948,4,90.89,5.28,2.45,1.03,2.55,34
ZnSe2,1,0,0.73,-0.644,6.37,258.98,5.73,2.68,1.03,2.55,34
ZnTe,1,0.289,0,-0.396,5.77,192.15,6.67,2.89,1.23,2.1,52
ZnTe2,1,0.124,0,-0.332,4.19,78.91,6.75,2.89,1.23,2.1,52
CdO,-1,0,0,-1.25,4.72,105.29,8.1,2.36,0.48,3.44,8
CdO2,-1,0.406,0,-0.428,5.43,175.48,5.47,2.23,0.48,3.44,8
CdS,1,0.252,1.52,-0.524,4.26,92.89,2.58,2.71,0.87,2.58,16
CdS2,1,0.051,1.16,-0.466,6.35,256.47,4.57,2.71,0.87,2.58,16
CdSe,1,0.001,0.51,-0.837,6.14,231.54,5.49,2.66,1.03,2.55,34
CdSe2,1,0,0.61,-0.635,6.75,307.13,5.85,2.85,1.03,2.55,34
CdTe,1,0.173,0,-0.387,6.13,230.7,6.91,3.07,1.23,2.1,52
HgO,-1,0.002,1.27,-0.365,3.75,108.22,9.97,2.15,0.48,3.44,8
HgO2,-1,0.365,0.05,0.12,5.98,97.4,7.93,2.15,0.48,3.44,8
HgS,1,0.14,1.72,-0.235,3.92,129.17,8.97,2.66,0.87,2.58,16
HgSe,1,0,1.04,-0.237,4.42,167.58,8.31,2.51,1.03,2.55,34
HgTe,1,0.037,0.48,-0.153,4.66,195.64,8.36,2.72,1.23,2.1,52
Ag2O,-1,0,0,-0.314,4.75,107.44,7.16,2.06,0.48,3.44,8
Ag2O3,-1,0.19,0,-0.182,5.11,133.17,6.58,2.21,0.48,3.44,8
Ag3O4,-1,0,0,-0.399,3.6,182.6,7.05,2.03,0.48,3.44,8
Ag2S,1,0.011,1.44,-0.107,4.24,129.09,6.38,2.44,0.87,2.58,16
Ag3S,1,0.15,0,0.061,5.98,144.45,8.18,2.91,0.87,2.58,16
Ag2Se,1,0.01,0.19,-0.208,4.89,245.04,7.99,2.66,1.03,2.55,34
Ag3Se,1,0.073,0,-0.09,6.03,152.59,8.76,3.01,1.03,2.55,34
Ag2Te,1,0,0,-0.095,7.96,276.54,8.25,2.88,1.23,2.1,52
Au2O3,-1,0.026,0.74,-0.132,4.06,141.03,10.41,2.04,0.48,3.44,8
Au2S,1,0,1.91,-0.118,5.27,146.7,9.64,2.28,0.87,2.58,16
AuTe3,1,0.081,0,0.013,3.1,124.56,7.73,2.62,1.23,2.1,52
Au2Te3,1,0.035,0,-0.047,10.78,1604.08,9.65,2.7,1.23,2.1,52
Co2O3,-1,0.296,0.15,-0.927,3.02,452.37,4.87,1.82,0.48,3.44,8
Co3O4,-1,0,0,-1.288,10.21,289.5,5.52,1.93,0.48,3.44,8
CoO4,-1,0.601,0.02,-0.041,5.5,196.49,2.08,1.6,0.48,3.44,8
Co3Se,1,0.405,0,0.252,3.57,45.37,9.36,2.52,1.03,2.55,34
Co3Se4,1,0.046,0,-0.304,12.26,234.38,6.98,2.49,1.03,2.55,34
Co3Te,1,0.295,0,0.226,3.75,103.12,9.8,2.62,1.23,2.1,52
Co2S3,1,0.015,0,-0.479,5.67,417.95,5.1,2.22,0.87,2.58,16
Co3S,1,0.49,0,0.257,5.15,90.26,7.68,2.46,0.87,2.58,16
Co3S4,1,0,0,-0.512,9.47,850.09,4.77,2.26,0.87,2.58,16
Cr2O,-1,1.322,0,0.009,5.73,187.84,4.24,2.48,0.48,3.44,8
Cr2O3,-1,0.076,0,-2.288,5.06,311.89,4.86,2,0.48,3.44,8
Cr3O,-1,1.068,0,0.083,5.49,368.17,4.65,2.16,0.48,3.44,8
Cr3O4,-1,0.099,1.48,-2.152,5.81,156.57,4.67,2.08,0.48,3.44,8
Cr2S3,1,0,0,-0.993,6.02,529.81,3.76,2.39,0.87,2.58,16
Cr3S4,1,0.021,0,-0.924,5.95,227.16,4.16,2.35,0.87,2.58,16
Cr2Se3,1,0.007,0,-0.803,6.96,406.84,5.57,2.53,1.03,2.55,34
Cr3Se,1,0.58,0,0.242,3.47,99.41,7.85,2.46,1.03,2.55,34
Cr3Se4,1,0.005,0,-0.767,13.37,280.12,5.59,2.6,1.03,2.55,34
Cr2Te3,1,0,0,-0.466,6.9,514.87,6.28,2.73,1.23,2.1,52
Cr3Te4,1,0.015,0,-0.429,14.25,351.55,6.3,2.72,1.23,2.1,52
Cu2O,-1,0.02,0.51,-0.503,4.25,76.59,6.2,1.84,0.48,3.44,8
Cu2O3,-1,0.374,0,-0.254,5.34,218.65,5.32,2.02,0.48,3.44,8
Cr3O5,-1,0.36,0.7,-1.884,4.81,109.43,3.58,1.79,0.48,3.44,8
Cu3O2,-1,0.16,0,-0.468,4.05,120.27,6.15,1.84,0.48,3.44,8
Cu4O3,-1,0.109,0,-0.564,4.05,153.84,6.52,2.05,0.48,3.44,8
Cu2S,1,0.128,0,-0.084,6.57,169.53,6.24,2.28,0.87,2.58,16
Cu3S2,1,0.091,0,-0.152,3.47,71.55,5.91,2.38,0.87,2.58,16
Cu2Se,1,0.149,0,-0.009,5.78,193.55,7.07,2.89,1.03,2.55,34
Cu3Se2,1,0,0,-0.19,6.33,172.74,6.7,2.41,1.03,2.55,34
Cu4Se3,1,0.102,0,-0.087,3.78,356.61,6.86,2.49,1.03,2.55,34
Cu3Te,1,0.18,0,0.138,3.95,61.47,8.6,2.79,1.23,2.1,52
Cu3Te2,1,0.021,0,-0.046,4.05,97.75,7.57,2.6,1.23,2.1,52
Fe3O,-1,1.51,0,0.771,5.11,103.64,5.88,2.55,0.48,3.44,8
Fe3O4,-1,0.017,0,-1.625,8.5,313.69,4.9,2.06,0.48,3.44,8
Fe2S,1,0.328,0,-0.177,9.78,520.21,6.42,2.14,0.87,2.58,16
Fe2S3,1,0.12,0,-0.691,5.74,422.35,4.9,2.22,0.87,2.58,16
Fe3S,1,0.163,0,-0.215,4.97,185.95,7.13,2.27,0.87,2.58,16
Fe3Se,1,0.438,0,0.184,3.59,46.25,8.85,2.54,1.03,2.55,34
Fe3Se4,1,0.079,0,-0.498,12.21,229.25,7,2.37,1.03,2.55,34
Fe2Te3,1,0.21,0,-0.206,6.44,539.39,9.13,2.43,1.23,2.1,52
Hf2Se3,1,0,0,-1.457,11.15,898.34,8.78,2.57,1.03,2.55,34
Hf3Se,1,0.506,0,-0.196,4.34,81.66,12.49,3.07,1.03,2.55,34
Hf2Te,1,0.016,0,-0.563,15.24,575.41,11.19,2.92,1.23,2.1,52
Hf2Te3,1,0.019,0,-0.9,7.01,841.22,8.76,2.88,1.23,2.1,52
Ir2S3,1,0,0.78,-0.488,6.04,317.55,10.05,2.32,0.87,2.58,16
Ir3Se,1,0.682,0,0.523,4.03,122.98,17.71,2.76,1.03,2.55,34
IrTe2,1,0,0,-0.367,4.04,593.91,10.01,2.62,1.23,2.1,52
Mo2O,-1,2.458,0,1.449,5.58,174.19,7.93,2.42,0.48,3.44,8
Mo2O3,-1,0.329,0.52,-1.488,3.29,578.52,5.51,2.08,0.48,3.44,8
Mo2S3,1,0.096,0,-0.773,6.17,168.05,5.69,2.37,0.87,2.58,16
Mo3S4,1,0.065,0,-0.763,9.29,820.77,5.05,2.43,0.87,2.58,16
MoS6,1,1.294,0.22,0.88,8.95,7321.83,0.13,2.33,0.87,2.58,16
Mo3Te4,1,0,0,-0.302,10.36,1110.14,7.16,2.74,1.03,2.1,52
Mn2O3,-1,0,0,-2.011,9.6,888.44,4.72,1.92,0.48,3.44,8
Mn3O4,-1,0,0.86,-2.048,11.02,311.03,4.89,1.93,0.48,3.44,8
MnO4,-1,0.522,0,-0.57,5.75,327.56,2.41,1.62,0.48,3.44,8
Mn2S3,1,0.033,0,-0.903,6.14,541.11,3.79,2.43,0.87,2.58,16
Mn3Te,1,0.301,0,-0.005,5.97,213.24,9.11,2.59,1.03,2.55,52
Ni2O3,-1,0.391,0,-0.583,9.47,264.66,4.15,1.8,0.48,3.44,8
Ni3O4,-1,0,0,-1.044,5.95,138.81,5.74,2.06,0.48,3.44,8
Ni4O,-1,1.39,0,0.904,3.86,57.63,7.23,1.93,0.48,3.44,8
Ni4O3,-1,0.431,0,-0.611,4.16,72.2,6.5,2.08,0.48,3.44,8
Ni3S,1,0.378,0,0.022,3.49,88.86,7.78,2.53,0.87,2.58,16
Ni3S2,1,0,0,-0.571,5.67,196.47,6.09,2.24,0.87,2.58,16
Ni3S4,1,0,0,-0.658,9.39,827.22,4.89,2.27,0.87,2.58,16
Ni3Te,1,0.153,0,0.058,5.34,105.25,9.58,2.66,1.23,2.1,52
Ni3Te4,1,0.015,0,-0.19,12.64,284.54,8.01,2.64,1.23,2.1,52
OsO4,-1,0,3.25,-1.528,9.32,313.48,5.39,1.72,0.48,3.44,8
OsTe2,1,0,0,-0.159,6.44,266.97,11.08,2.67,1.23,2.1,52
Pd2O,-1,0.139,0,-0.272,4.54,93.72,8.11,1.97,0.48,3.44,8
Pd3S,1,0,0,-0.262,5.35,252.97,9.22,2.34,0.87,2.58,16
Pd4S,1,0.003,0,-0.207,5.15,149.54,10.17,2.35,0.87,2.58,16
Pd4Se,1,0,0,-0.168,5.28,158.63,10.56,2.47,1.03,2.55,34
Pd3Te2,1,0,0,-0.338,3.9,397.22,9.61,2.65,1.23,2.1,52
PdTe,1,0,0,-0.354,4.18,86.91,8.94,2.81,1.23,2.1,52
Pd3Te,1,0.059,0,-0.213,4.6,138.13,10.74,2.82,1.23,2.1,52
Pd4Te,1,0.225,0,0.001,12.51,1956.81,9.39,2.61,1.23,2.1,52
Pt2O,-1,0.436,0,0.095,4.55,93.95,14.36,1.97,0.48,3.44,8
Pt3O4,-1,0,0,-0.583,5.6,175.87,12.26,1.98,0.48,3.44,8
PtO6,-1,0.256,0,-0.013,7.36,559.33,5.18,2.04,0.48,3.44,8
ReO5,-1,0.458,0,-1.059,5.4,360.28,4.91,1.76,0.48,3.44,8
Rh3S4,1,0,0,-0.606,10.42,671.23,6.49,2.33,0.87,2.58,16
Rh2Se3,1,0,0,-0.512,6.33,367.12,8.01,2.44,1.03,2.55,34
Rh3Se,1,0.346,0,0.132,5.6,120.84,10.66,2.76,1.03,2.55,34
RhTe2,1,0,0,-0.439,6.5,274.8,8.66,2.68,1.23,2.1,52
Rh3Te2,1,0.019,0,-0.286,3.72,361.39,10.36,2.64,1.23,2.1,52
Rh3Te4,1,0,0,-0.435,13.01,310.56,8.76,2.61,1.23,2.1,52
RhTe,1,0.029,0,-0.352,4.03,79.97,9.57,2.73,1.23,2.1,52
RuO4,-1,0.04,2.39,-0.686,9.22,301.88,3.63,1.69,0.48,3.44,8
RuTe2,1,0.012,0.11,-0.394,6.44,266.94,8.86,2.67,1.23,2.1,52
Sc2O3,-1,0.082,4.16,-3.781,5.46,506.46,3.62,2.03,0.48,3.44,8
Sc2S3,1,0.093,1.39,-2.078,6.2,399.73,3.09,2.6,0.87,2.58,16
Sc2Se3,1,0.027,0.62,-1.937,3.83,245.86,4.41,2.69,1.03,2.55,34
ScTe3,1,0.325,0,-0.6,7.14,225.4,6.3,3.15,1.23,2.1,52
Sc3Te,1,0.195,0,-0.528,6.36,178.9,4.87,3.14,1.23,2.1,52
Ta2O,-1,1.775,0,0.336,7.53,426.19,11.78,1.84,0.48,3.44,8
Ta2O3,-1,0.203,0,-2.387,11.92,235.06,11.58,2.08,0.48,3.44,8
Ta2O5,-1,0,0.26,-3.347,12.84,336.25,8.73,1.9,0.48,3.44,8
Ta4O,-1,0.129,0,-0.644,3.26,78.62,15.62,2.3,0.48,3.44,8
Ta2S,1,0.028,0,-0.766,5.62,634.27,12.38,2.46,0.87,2.58,16
Ta3S2,1,0,0,-0.952,5.65,734.59,10.98,2.44,0.87,2.58,16
Ta2Se3,1,0.005,0,-0.843,6.62,203.81,9.76,2.52,1.03,2.55,34
TaSe6,1,1.141,0.16,0.717,10.06,9993.9,0.22,2.47,1.03,2.55,34
Ti2O3,-1,0.002,0.12,-3.161,2.84,180.97,5.28,2.05,0.48,3.44,8
Ti3O4,-1,0.085,0,-2.976,5.84,143.35,4.81,2.04,0.48,3.44,8
Ti3O2,-1,0.053,0,-2.257,5.1,335.04,5.22,2.07,0.48,3.44,8
Ti4O3,-1,0.125,0,-2.324,4.27,149.66,5.31,2.05,0.48,3.44,8
Ti2S,1,0,0,-1.254,3.32,527.41,4.83,2.47,0.87,2.58,16
Ti2S3,1,0,0,-1.706,5.95,349.4,3.65,2.41,0.87,2.58,16
Ti3S2,1,0.299,0,-1.141,5.43,247.67,4.18,2.42,0.87,2.58,16
Ti2Se,1,0.005,0,-0.981,3.46,585.55,5.94,2.6,1.03,2.55,34
Ti3Se,1,0.164,0,-0.578,3.2,70.32,5.26,2.58,1.03,2.55,34
Ti3Se4,1,0.012,0,-1.471,13.63,281.84,5.41,2.6,1.03,2.55,34
Ti2Te3,1,0.004,0,-0.848,6.85,771.23,6.18,2.78,1.23,2.1,52
Ti3Te,1,0.127,0,-0.299,5.82,141.32,6.37,2.91,1.23,2.1,52
Ti3Te4,1,0,0,-0.856,14.58,350.79,6.19,2.73,1.23,2.1,52
V2O3,-1,0.031,0.42,-2.501,5.13,423.24,4.7,2.01,0.48,3.44,8
V3S,1,0.013,0,-0.658,9.41,401.15,6.12,2.33,0.87,2.58,16
V3S4,1,0,0,-1.357,12.68,218.81,4.27,2.4,0.87,2.58,16
V3Se4,1,0,0,-0.914,13.42,255.04,6.1,2.54,1.03,2.55,34
V3Te4,1,0.014,0,-0.559,14.03,343.1,6.42,2.77,1.23,2.1,52
W2O3,-1,0.873,0.21,-0.957,3.43,537.61,10.27,2.08,0.48,3.44,8
W3O,-1,3.106,0,2.343,4.98,123.52,15.26,2.78,0.48,3.44,8
WO4,-1,0.525,0,-1.225,5.36,652.66,5.04,1.76,0.48,3.44,8
Y2O3,-1,0,4.1,-3.91,10.61,1193.66,5.03,2.25,0.48,3.44,8
Y2S3,1,0.036,1.9,-2.346,8.35,1741.63,4.18,2.77,0.87,2.58,16
Y2Se3,1,0.06,1.55,-2.139,8.72,1988.65,5.54,2.89,1.03,2.55,34
Y3Se4,1,0.008,0,-2.136,13.99,1505.01,5.14,2.81,1.03,2.55,34
Y2Te3,1,0,0.56,-1.669,8.76,2833.01,5.26,3.08,1.23,2.1,52
Zr2O,-1,0.227,0,-1.766,4.88,115.95,5.68,2.11,0.48,3.44,8
Zr3O,-1,0.007,0,-1.538,5.65,143.59,6.7,2.27,0.48,3.44,8
Zr2S,1,0,0,-1.264,3.54,672.35,6.36,2.65,0.87,2.58,16
Zr3S,1,0.616,0,-0.338,4.27,77.94,6.51,3.02,0.87,2.58,16
Zr3S2,1,0.174,0,-1.258,5.81,305.36,5.51,2.61,0.87,2.58,16
Zr3S4,1,0,0,-1.86,7.3,1109.55,4.81,2.5,0.87,2.58,16
Zr2Se,1,0,0,-1.062,3.62,730.14,7.13,2.75,1.03,2.55,34
Zr2Se3,1,0,0,-1.583,6.53,465.32,5.99,2.65,1.03,2.55,34
Zr3Se,1,0.431,0,-0.366,6.05,165.7,7.07,3.03,1.03,2.55,34
Zr3Se4,1,0.075,0,-1.501,7.89,318.05,6.16,2.77,1.03,2.55,34
Zr2Te,1,0.001,0,-0.746,3.86,830.13,7.44,2.95,1.23,2.1,52
Zr2Te3,1,0,0,-1.074,7.03,867.43,6.49,2.91,1.23,2.1,52
Zr3Te,1,0.683,0,0.099,5.69,909.72,6.59,3.13,1.23,2.1,52
Zr3Te2,1,0.419,0,-0.459,6.11,394.68,6.68,2.9,1.23,2.1,52
Zn3Se,1,0.489,0,0.013,4.15,71.31,6.41,2.93,1.03,2.55,34
Cd3Se4,1,0.181,0.45,-0.57,22.46,1680.26,5.16,2.57,1.03,2.55,34
Cd3Te,1,0.309,0,0.029,4.53,209.45,7.37,3.41,1.23,2.1,52
